2929438	user	20	0	6843276	77128	20520	S	5	0.5	0:01.22	java	-javaagent:/home/user/glowroot/glowroot.jar	-jar	./pdfbox-app-2.0.21.jar	Encrypt	-O	123	-U	123	./workload/000752.pdf	./workload/000752-locked.pdf		
2929487	user	20	0	6151744	23348	15780	S	0.2	0.1	0:00.06	java	-javaagent:/home/user/glowroot/glowroot.jar	-jar	./pdfbox-app-2.0.21.jar	Decrypt	-password	123	./workload/000752-locked.pdf	./workload/000752-unlocked.pdf				
2929487	user	20	0	8126528	248264	27736	S	48.3	1.5	0:09.57	java	-javaagent:/home/user/glowroot/glowroot.jar	-jar	./pdfbox-app-2.0.21.jar	Decrypt	-password	123	./workload/000752-locked.pdf	./workload/000752-unlocked.pdf				
2929535	user	20	0	8059068	244860	27396	S	32.6	1.5	0:07.90	java	-javaagent:/home/user/glowroot/glowroot.jar	-jar	./pdfbox-app-2.0.21.jar	ExtractText	-password	123	-sort	./workload/000752-locked.pdf	./workload/000752-from-pdf.txt			
2929585	user	20	0	7446636	185516	21504	S	20.6	1.1	0:04.96	java	-javaagent:/home/user/glowroot/glowroot.jar	-jar	./pdfbox-app-2.0.21.jar	ExtractImages	-password	123	-directJPEG	./workload/000752-locked.pdf				
2929635	user	20	0	7179340	102576	20940	S	7.7	0.6	0:01.86	java	-javaagent:/home/user/glowroot/glowroot.jar	-jar	./pdfbox-app-2.0.21.jar	PDFToImage	-password	123	-imageType	png	-outputPrefix	workloadAsImage	-time	./workload/000752-locked.pdf
2929635	user	20	0	8650868	345872	40040	S	52.2	2.1	0:14.48	java	-javaagent:/home/user/glowroot/glowroot.jar	-jar	./pdfbox-app-2.0.21.jar	PDFToImage	-password	123	-imageType	png	-outputPrefix	workloadAsImage	-time	./workload/000752-locked.pdf
2929696	user	20	0	8124684	232992	27144	S	31.6	1.4	0:07.63	java	-javaagent:/home/user/glowroot/glowroot.jar	-jar	./pdfbox-app-2.0.21.jar	TextToPDF	-standardFont	Helvetica-BoldOblique	-fontSize	18	./workload/000752-from-txt.pdf	./workload/000752-from-pdf.txt		
2929749	user	20	0	7448684	178900	23504	S	23	1.1	0:05.56	java	-javaagent:/home/user/glowroot/glowroot.jar	-jar	./pdfbox-app-2.0.21.jar	PDFSplit	-password	123	-split	1	./workload/000752-locked.pdf			
2929799	user	20	0	7253700	145140	20944	S	12	0.9	0:02.90	java	-javaagent:/home/user/glowroot/glowroot.jar	-jar	./pdfbox-app-2.0.21.jar	PDFMerger	./workload/000752-locked-1.pdf	./workload/000752-locked-2.pdf	./workload/000752-merged.pdf					
2929849	user	20	0	6843276	74836	20548	S	4.8	0.5	0:01.15	java	-javaagent:/home/user/glowroot/glowroot.jar	-jar	./pdfbox-app-2.0.21.jar	WriteDecodedDoc	-password	123	./workload/000752-locked.pdf	./workload/000752-decoded.pdf				
2929849	user	20	0	8818652	359976	32832	S	52.5	2.2	0:13.80	java	-javaagent:/home/user/glowroot/glowroot.jar	-jar	./pdfbox-app-2.0.21.jar	WriteDecodedDoc	-password	123	./workload/000752-locked.pdf	./workload/000752-decoded.pdf				
2929900	user	20	0	8187032	262152	27920	S	45.5	1.6	0:10.99	java	-javaagent:/home/user/glowroot/glowroot.jar	-jar	./pdfbox-app-2.0.21.jar	OverlayPDF	./workload/000752.pdf	./workload/000142.pdf	-position	foreground	./workload/000752-overlaid.pdf			
2929950	user	20	0	7917708	208496	26704	S	32.5	1.3	0:07.55	java	-javaagent:/home/user/glowroot/glowroot.jar	-jar	./pdfbox-app-2.0.21.jar	Encrypt	-O	123	-U	123	./workload/000753.pdf	./workload/000753-locked.pdf		
2929950	user	20	0	7983244	211020	26880	S	68.8	1.3	0:07.77	java	-javaagent:/home/user/glowroot/glowroot.jar	-jar	./pdfbox-app-2.0.21.jar	Encrypt	-O	123	-U	123	./workload/000753.pdf	./workload/000753-locked.pdf		
2930006	user	20	0	7313504	179880	21404	S	17.4	1.1	0:04.22	java	-javaagent:/home/user/glowroot/glowroot.jar	-jar	./pdfbox-app-2.0.21.jar	Decrypt	-password	123	./workload/000753-locked.pdf	./workload/000753-unlocked.pdf				
2930055	user	20	0	6843420	94584	20836	S	7	0.6	0:01.68	java	-javaagent:/home/user/glowroot/glowroot.jar	-jar	./pdfbox-app-2.0.21.jar	ExtractText	-password	123	-sort	./workload/000753-locked.pdf	./workload/000753-from-pdf.txt			
2930055	user	20	0	8745916	333224	32876	S	57.6	2	0:15.59	java	-javaagent:/home/user/glowroot/glowroot.jar	-jar	./pdfbox-app-2.0.21.jar	ExtractText	-password	123	-sort	./workload/000753-locked.pdf	./workload/000753-from-pdf.txt			
2930106	user	20	0	8209456	320072	29884	S	45.8	2	0:11.04	java	-javaagent:/home/user/glowroot/glowroot.jar	-jar	./pdfbox-app-2.0.21.jar	ExtractImages	-password	123	-directJPEG	./workload/000753-locked.pdf				
2930157	user	20	0	7448684	186624	22744	S	23.1	1.1	0:05.60	java	-javaagent:/home/user/glowroot/glowroot.jar	-jar	./pdfbox-app-2.0.21.jar	PDFToImage	-password	123	-imageType	png	-outputPrefix	workloadAsImage	-time	./workload/000753-locked.pdf
2930157	user	20	0	8584848	328104	38188	S	52.8	2	0:18.36	java	-javaagent:/home/user/glowroot/glowroot.jar	-jar	./pdfbox-app-2.0.21.jar	PDFToImage	-password	123	-imageType	png	-outputPrefix	workloadAsImage	-time	./workload/000753-locked.pdf
2930317	user	20	0	7316132	134704	21248	S	13.5	0.8	0:03.29	java	-javaagent:/home/user/glowroot/glowroot.jar	-jar	./pdfbox-app-2.0.21.jar	TextToPDF	-standardFont	Helvetica-BoldOblique	-fontSize	18	./workload/000753-from-txt.pdf	./workload/000753-from-pdf.txt		
2930317	user	20	0	8815624	358808	31624	S	51.9	2.2	0:15.86	java	-javaagent:/home/user/glowroot/glowroot.jar	-jar	./pdfbox-app-2.0.21.jar	TextToPDF	-standardFont	Helvetica-BoldOblique	-fontSize	18	./workload/000753-from-txt.pdf	./workload/000753-from-pdf.txt		
2930414	user	20	0	8193280	267736	27824	S	46.7	1.6	0:11.35	java	-javaagent:/home/user/glowroot/glowroot.jar	-jar	./pdfbox-app-2.0.21.jar	PDFSplit	-password	123	-split	1	./workload/000753-locked.pdf			
2930479	user	20	0	7851144	205588	26692	S	30.5	1.3	0:07.37	java	-javaagent:/home/user/glowroot/glowroot.jar	-jar	./pdfbox-app-2.0.21.jar	PDFMerger	./workload/000753-locked-1.pdf	./workload/000753-locked-2.pdf	./workload/000753-locked-3.pdf	./workload/000753-merged.pdf				
2930542	user	20	0	7244876	124552	21128	S	13	0.8	0:03.15	java	-javaagent:/home/user/glowroot/glowroot.jar	-jar	./pdfbox-app-2.0.21.jar	WriteDecodedDoc	-password	123	./workload/000753-locked.pdf	./workload/000753-decoded.pdf				
2930609	user	20	0	6764376	42228	19976	S	1.4	0.3	0:00.33	java	-javaagent:/home/user/glowroot/glowroot.jar	-jar	./pdfbox-app-2.0.21.jar	OverlayPDF	./workload/000753.pdf	./workload/000142.pdf	-position	foreground	./workload/000753-overlaid.pdf			
2930609	user	20	0	8138348	306840	29228	S	52.4	1.9	0:12.99	java	-javaagent:/home/user/glowroot/glowroot.jar	-jar	./pdfbox-app-2.0.21.jar	OverlayPDF	./workload/000753.pdf	./workload/000142.pdf	-position	foreground	./workload/000753-overlaid.pdf			
2930685	user	20	0	7244876	131728	20948	S	21.7	0.8	0:02.79	java	-javaagent:/home/user/glowroot/glowroot.jar	-jar	./pdfbox-app-2.0.21.jar	Encrypt	-O	123	-U	123	./workload/000809.pdf	./workload/000809-locked.pdf		
2930685	user	20	0	7244876	140560	20948	S	65.6	0.9	0:03.00	java	-javaagent:/home/user/glowroot/glowroot.jar	-jar	./pdfbox-app-2.0.21.jar	Encrypt	-O	123	-U	123	./workload/000809.pdf	./workload/000809-locked.pdf		
2930745	user	20	0	6764376	46112	20268	S	2.4	0.3	0:00.57	java	-javaagent:/home/user/glowroot/glowroot.jar	-jar	./pdfbox-app-2.0.21.jar	Decrypt	-password	123	./workload/000809-locked.pdf	./workload/000809-unlocked.pdf				
2930745	user	20	0	8120468	233692	27796	S	50.8	1.4	0:12.80	java	-javaagent:/home/user/glowroot/glowroot.jar	-jar	./pdfbox-app-2.0.21.jar	Decrypt	-password	123	./workload/000809-locked.pdf	./workload/000809-unlocked.pdf				
2930807	user	20	0	7783556	208268	25816	S	32	1.3	0:07.72	java	-javaagent:/home/user/glowroot/glowroot.jar	-jar	./pdfbox-app-2.0.21.jar	ExtractText	-password	123	-sort	./workload/000809-locked.pdf	./workload/000809-from-pdf.txt			
2930857	user	20	0	7448684	176340	22576	S	21.9	1.1	0:05.30	java	-javaagent:/home/user/glowroot/glowroot.jar	-jar	./pdfbox-app-2.0.21.jar	ExtractImages	-password	123	-directJPEG	./workload/000809-locked.pdf				
2930907	user	20	0	7246936	184560	21292	S	20	1.1	0:04.82	java	-javaagent:/home/user/glowroot/glowroot.jar	-jar	./pdfbox-app-2.0.21.jar	PDFToImage	-password	123	-imageType	png	-outputPrefix	workloadAsImage	-time	./workload/000809-locked.pdf
2930967	user	20	0	7245908	101756	21084	S	7.9	0.6	0:01.91	java	-javaagent:/home/user/glowroot/glowroot.jar	-jar	./pdfbox-app-2.0.21.jar	TextToPDF	-standardFont	Helvetica-BoldOblique	-fontSize	18	./workload/000809-from-txt.pdf	./workload/000809-from-pdf.txt		
2931017	user	20	0	6626128	30736	18592	S	0.3	0.2	0:00.08	java	-javaagent:/home/user/glowroot/glowroot.jar	-jar	./pdfbox-app-2.0.21.jar	PDFSplit	-password	123	-split	1	./workload/000809-locked.pdf			
2931042	user	20	0	8118420	220040	27588	S	36.3	1.4	0:08.78	java	-javaagent:/home/user/glowroot/glowroot.jar	-jar	./pdfbox-app-2.0.21.jar	PDFMerger	./workload/000809-locked-*.pdf	./workload/000809-merged.pdf						
2931089	user	20	0	8125604	251924	27520	S	36.7	1.5	0:08.87	java	-javaagent:/home/user/glowroot/glowroot.jar	-jar	./pdfbox-app-2.0.21.jar	WriteDecodedDoc	-password	123	./workload/000809-locked.pdf	./workload/000809-decoded.pdf				
2931138	user	20	0	7178308	123292	21020	S	23.6	0.8	0:05.69	java	-javaagent:/home/user/glowroot/glowroot.jar	-jar	./pdfbox-app-2.0.21.jar	OverlayPDF	./workload/000809.pdf	./workload/000142.pdf	-position	foreground	./workload/000809-overlaid.pdf			
2931263	user	20	0	6626128	29424	18648	S	0.5	0.2	0:00.13	java	-javaagent:/home/user/glowroot/glowroot.jar	-jar	./pdfbox-app-2.0.21.jar	Encrypt	-O	123	-U	123	./workload/000810.pdf	./workload/000810-locked.pdf		
2931263	user	20	0	8200304	274176	29428	S	45.1	1.7	0:10.99	java	-javaagent:/home/user/glowroot/glowroot.jar	-jar	./pdfbox-app-2.0.21.jar	Encrypt	-O	123	-U	123	./workload/000810.pdf	./workload/000810-locked.pdf		
2931319	user	20	0	7714940	191588	25612	S	29.3	1.2	0:07.14	java	-javaagent:/home/user/glowroot/glowroot.jar	-jar	./pdfbox-app-2.0.21.jar	Decrypt	-password	123	./workload/000810-locked.pdf	./workload/000810-unlocked.pdf				
2931487	user	20	0	6626128	30188	18320	S	0.5	0.2	0:00.13	java	-javaagent:/home/user/glowroot/glowroot.jar	-jar	./pdfbox-app-2.0.21.jar	ExtractText	-password	123	-sort	./workload/000810-locked.pdf	./workload/000810-from-pdf.txt			
2931487	user	20	0	7714940	203764	25888	S	46.2	1.3	0:06.85	java	-javaagent:/home/user/glowroot/glowroot.jar	-jar	./pdfbox-app-2.0.21.jar	ExtractText	-password	123	-sort	./workload/000810-locked.pdf	./workload/000810-from-pdf.txt			
2931487	user	20	0	7714940	205744	26192	S	56.2	1.3	0:07.03	java	-javaagent:/home/user/glowroot/glowroot.jar	-jar	./pdfbox-app-2.0.21.jar	ExtractText	-password	123	-sort	./workload/000810-locked.pdf	./workload/000810-from-pdf.txt			
2931541	user	20	0	7244876	125992	21140	S	10.6	0.8	0:02.55	java	-javaagent:/home/user/glowroot/glowroot.jar	-jar	./pdfbox-app-2.0.21.jar	ExtractImages	-password	123	-directJPEG	./workload/000810-locked.pdf				
2931541	user	20	0	8745916	354120	32760	S	51.4	2.2	0:14.96	java	-javaagent:/home/user/glowroot/glowroot.jar	-jar	./pdfbox-app-2.0.21.jar	ExtractImages	-password	123	-directJPEG	./workload/000810-locked.pdf				
2931596	user	20	0	8187032	260008	27808	S	38.4	1.6	0:09.30	java	-javaagent:/home/user/glowroot/glowroot.jar	-jar	./pdfbox-app-2.0.21.jar	PDFToImage	-password	123	-imageType	png	-outputPrefix	workloadAsImage	-time	./workload/000810-locked.pdf
2931657	user	20	0	7244876	108048	21144	S	7.6	0.7	0:01.83	java	-javaagent:/home/user/glowroot/glowroot.jar	-jar	./pdfbox-app-2.0.21.jar	TextToPDF	-standardFont	Helvetica-BoldOblique	-fontSize	18	./workload/000810-from-txt.pdf	./workload/000810-from-pdf.txt		
2931657	user	20	0	8874668	349392	31088	S	46.7	2.1	0:13.07	java	-javaagent:/home/user/glowroot/glowroot.jar	-jar	./pdfbox-app-2.0.21.jar	TextToPDF	-standardFont	Helvetica-BoldOblique	-fontSize	18	./workload/000810-from-txt.pdf	./workload/000810-from-pdf.txt		
2931709	user	20	0	8253596	262360	27448	S	40.6	1.6	0:09.90	java	-javaagent:/home/user/glowroot/glowroot.jar	-jar	./pdfbox-app-2.0.21.jar	PDFSplit	-password	123	-split	1	./workload/000810-locked.pdf			
2931761	user	20	0	8125708	227936	27380	S	31	1.4	0:07.48	java	-javaagent:/home/user/glowroot/glowroot.jar	-jar	./pdfbox-app-2.0.21.jar	PDFMerger	./workload/000810-locked-1.pdf	./workload/000810-merged.pdf						
2931808	user	20	0	7714940	189672	25280	S	23.3	1.2	0:05.64	java	-javaagent:/home/user/glowroot/glowroot.jar	-jar	./pdfbox-app-2.0.21.jar	WriteDecodedDoc	-password	123	./workload/000810-locked.pdf	./workload/000810-decoded.pdf				
2931862	user	20	0	6843276	73064	20804	S	5	0.4	0:01.22	java	-javaagent:/home/user/glowroot/glowroot.jar	-jar	./pdfbox-app-2.0.21.jar	OverlayPDF	./workload/000810.pdf	./workload/000142.pdf	-position	foreground	./workload/000810-overlaid.pdf			
2931862	user	20	0	8808100	308896	31540	S	49.9	1.9	0:13.23	java	-javaagent:/home/user/glowroot/glowroot.jar	-jar	./pdfbox-app-2.0.21.jar	OverlayPDF	./workload/000810.pdf	./workload/000142.pdf	-position	foreground	./workload/000810-overlaid.pdf			
2931926	user	20	0	8193048	277676	27580	S	39.8	1.7	0:09.62	java	-javaagent:/home/user/glowroot/glowroot.jar	-jar	./pdfbox-app-2.0.21.jar	Encrypt	-O	123	-U	123	./workload/000817.pdf	./workload/000817-locked.pdf		
2931977	user	20	0	7448684	191524	22896	S	24.3	1.2	0:05.87	java	-javaagent:/home/user/glowroot/glowroot.jar	-jar	./pdfbox-app-2.0.21.jar	Decrypt	-password	123	./workload/000817-locked.pdf	./workload/000817-unlocked.pdf				
2932039	user	20	0	6843276	74576	20640	S	5.1	0.5	0:01.24	java	-javaagent:/home/user/glowroot/glowroot.jar	-jar	./pdfbox-app-2.0.21.jar	ExtractText	-password	123	-sort	./workload/000817-locked.pdf	./workload/000817-from-pdf.txt			
2932039	user	20	0	8411048	282520	32844	S	52.2	1.7	0:13.80	java	-javaagent:/home/user/glowroot/glowroot.jar	-jar	./pdfbox-app-2.0.21.jar	ExtractText	-password	123	-sort	./workload/000817-locked.pdf	./workload/000817-from-pdf.txt			
2932103	user	20	0	7714940	196100	25688	S	27.8	1.2	0:06.75	java	-javaagent:/home/user/glowroot/glowroot.jar	-jar	./pdfbox-app-2.0.21.jar	ExtractImages	-password	123	-directJPEG	./workload/000817-locked.pdf				
2932155	user	20	0	6764376	44280	19976	S	1.3	0.3	0:00.32	java	-javaagent:/home/user/glowroot/glowroot.jar	-jar	./pdfbox-app-2.0.21.jar	PDFToImage	-password	123	-imageType	png	-outputPrefix	workloadAsImage	-time	./workload/000817-locked.pdf
2932155	user	20	0	8328348	307264	27124	S	47.2	1.9	0:11.72	java	-javaagent:/home/user/glowroot/glowroot.jar	-jar	./pdfbox-app-2.0.21.jar	PDFToImage	-password	123	-imageType	png	-outputPrefix	workloadAsImage	-time	./workload/000817-locked.pdf
2932248	user	20	0	6839180	61836	20468	S	2.8	0.4	0:00.68	java	-javaagent:/home/user/glowroot/glowroot.jar	-jar	./pdfbox-app-2.0.21.jar	TextToPDF	-standardFont	Helvetica-BoldOblique	-fontSize	18	./workload/000817-from-txt.pdf	./workload/000817-from-pdf.txt		
2932248	user	20	0	8253596	266600	27700	S	48.6	1.6	0:12.41	java	-javaagent:/home/user/glowroot/glowroot.jar	-jar	./pdfbox-app-2.0.21.jar	TextToPDF	-standardFont	Helvetica-BoldOblique	-fontSize	18	./workload/000817-from-txt.pdf	./workload/000817-from-pdf.txt		
2932339	user	20	0	6843420	90388	20800	S	12.5	0.6	0:01.86	java	-javaagent:/home/user/glowroot/glowroot.jar	-jar	./pdfbox-app-2.0.21.jar	PDFSplit	-password	123	-split	1	./workload/000817-locked.pdf			
2932339	user	20	0	8477616	305688	32436	S	51	1.9	0:14.18	java	-javaagent:/home/user/glowroot/glowroot.jar	-jar	./pdfbox-app-2.0.21.jar	PDFSplit	-password	123	-split	1	./workload/000817-locked.pdf			
2932411	user	20	0	8118420	206924	27120	S	34.4	1.3	0:08.32	java	-javaagent:/home/user/glowroot/glowroot.jar	-jar	./pdfbox-app-2.0.21.jar	PDFMerger	./workload/000817-locked-1.pdf	./workload/000817-locked-2.pdf	./workload/000817-merged.pdf					
2932463	user	20	0	7448684	167616	22664	S	24.1	1	0:05.81	java	-javaagent:/home/user/glowroot/glowroot.jar	-jar	./pdfbox-app-2.0.21.jar	WriteDecodedDoc	-password	123	./workload/000817-locked.pdf	./workload/000817-decoded.pdf				
2932514	user	20	0	6841228	68668	20420	S	3.8	0.4	0:00.91	java	-javaagent:/home/user/glowroot/glowroot.jar	-jar	./pdfbox-app-2.0.21.jar	OverlayPDF	./workload/000817.pdf	./workload/000142.pdf	-position	foreground	./workload/000817-overlaid.pdf			
2932514	user	20	0	8816612	314004	30848	S	50	1.9	0:12.94	java	-javaagent:/home/user/glowroot/glowroot.jar	-jar	./pdfbox-app-2.0.21.jar	OverlayPDF	./workload/000817.pdf	./workload/000142.pdf	-position	foreground	./workload/000817-overlaid.pdf			
								29.2507042253521	1.18591549295775														
