PID,USER,PR,NI,VIRT,RES,SHR,S,%CPU,%MEM,TIME+,COMMAND,,,,,,,,,,,
3152809,user,20,0,6974904,54240,20620,S,1.7,0.3,0:00.40,java,-jar,../pdfbox-app-2.0.21.jar,ExtractText,-password,123,-sort,../workload/000752-locked.pdf,../workload/000752-from-pdf.txt,,,
3152895,user,20,0,6961116,45052,18820,S,1,0.3,0:00.24,java,-jar,../pdfbox-app-2.0.21.jar,TextToPDF,-standardFont,Helvetica-BoldOblique,-fontSize,18,../workload/000752-from-txt.pdf,../workload/000752-from-pdf.txt,,
3152924,user,20,0,7045848,61912,21776,S,12.2,0.4,0:00.78,java,-jar,../pdfbox-app-2.0.21.jar,PDFSplit,-password,123,-split,1,../workload/000752-locked.pdf,,,
3153052,user,20,0,6981332,81132,21328,S,5.4,0.5,0:01.30,java,-jar,../pdfbox-app-2.0.21.jar,ExtractText,-password,123,-sort,../workload/000753-locked.pdf,../workload/000753-from-pdf.txt,,,
3153104,user,20,0,7620552,131620,26912,S,19.1,0.8,0:04.59,java,-jar,../pdfbox-app-2.0.21.jar,PDFToImage,-password,123,-imageType,png,-outputPrefix,workloadAsImage,-time,../workload/000753-locked.pdf
3153291,user,20,0,6894552,37944,18552,S,0.5,0.2,0:00.13,java,-jar,../pdfbox-app-2.0.21.jar,Decrypt,-password,123,../workload/000809-locked.pdf,../workload/000809-unlocked.pdf,,,,
3153584,user,20,0,7276948,68216,25504,S,3.9,0.4,0:00.95,java,-jar,../pdfbox-app-2.0.21.jar,PDFToImage,-password,123,-imageType,png,-outputPrefix,workloadAsImage,-time,../workload/000810-locked.pdf
3153702,user,20,0,6894552,44376,19028,S,1,0.3,0:00.24,java,-jar,../pdfbox-app-2.0.21.jar,OverlayPDF,../workload/000810.pdf,../workload/000142.pdf,-position,foreground,../workload/000810-overlaid.pdf,,,
3153822,user,20,0,6905776,41812,19756,S,0.8,0.3,0:00.20,java,-jar,../pdfbox-app-2.0.21.jar,PDFToImage,-password,123,-imageType,png,-outputPrefix,workloadAsImage,-time,../workload/000817-locked.pdf
3153882,user,20,0,6976952,58076,21084,S,2.5,0.4,0:00.60,java,-jar,../pdfbox-app-2.0.21.jar,PDFSplit,-password,123,-split,1,../workload/000817-locked.pdf,,,
3154017,user,20,0,6979284,71876,21660,S,3.8,0.4,0:00.92,java,-jar,../pdfbox-app-2.0.21.jar,ExtractText,-password,123,-sort,../workload/000752-locked.pdf,../workload/000752-from-pdf.txt,,,
3154214,user,20,0,6823732,30628,18276,S,0.6,0.2,0:00.11,java,-jar,../pdfbox-app-2.0.21.jar,OverlayPDF,../workload/000752.pdf,../workload/000142.pdf,-position,foreground,../workload/000752-overlaid.pdf,,,
3154329,user,20,0,6917676,53820,22000,S,1.9,0.3,0:00.45,java,-jar,../pdfbox-app-2.0.21.jar,PDFToImage,-password,123,-imageType,png,-outputPrefix,workloadAsImage,-time,../workload/000753-locked.pdf
3154410,user,20,0,6976952,59204,20804,S,2.1,0.4,0:00.52,java,-jar,../pdfbox-app-2.0.21.jar,PDFMerger,../workload/000753-locked-1.pdf,../workload/000753-locked-2.pdf,../workload/000753-locked-3.pdf,../workload/000753-merged.pdf,,,,
3154733,user,20,0,7449352,94760,21984,S,8.6,0.6,0:02.08,java,-jar,../pdfbox-app-2.0.21.jar,ExtractText,-password,123,-sort,../workload/000810-locked.pdf,../workload/000810-from-pdf.txt,,,
3154845,user,20,0,6908340,51848,20428,S,1.7,0.3,0:00.41,java,-jar,../pdfbox-app-2.0.21.jar,PDFSplit,-password,123,-split,1,../workload/000810-locked.pdf,,,
3155066,user,20,0,6624036,29480,17844,S,0.5,0.2,0:00.11,java,-jar,../pdfbox-app-2.0.21.jar,TextToPDF,-standardFont,Helvetica-BoldOblique,-fontSize,18,../workload/000817-from-txt.pdf,../workload/000817-from-pdf.txt,,
3155208,user,20,0,6976952,56356,20748,S,2,0.3,0:00.49,java,-jar,../pdfbox-app-2.0.21.jar,Decrypt,-password,123,../workload/000752-locked.pdf,../workload/000752-unlocked.pdf,,,,
3155278,user,20,0,7620552,132336,27128,S,14.2,0.8,0:03.43,java,-jar,../pdfbox-app-2.0.21.jar,PDFToImage,-password,123,-imageType,png,-outputPrefix,workloadAsImage,-time,../workload/000752-locked.pdf
3155425,user,20,0,6357780,24564,16012,S,0.2,0.2,0:00.06,java,-jar,../pdfbox-app-2.0.21.jar,Encrypt,-O,123,-U,123,../workload/000753.pdf,../workload/000753-locked.pdf,,
3155525,user,20,0,7276948,71892,25948,S,4.1,0.4,0:00.99,java,-jar,../pdfbox-app-2.0.21.jar,PDFToImage,-password,123,-imageType,png,-outputPrefix,workloadAsImage,-time,../workload/000753-locked.pdf
3155629,user,20,0,6905776,48848,20248,S,1.4,0.3,0:00.35,java,-jar,../pdfbox-app-2.0.21.jar,WriteDecodedDoc,-password,123,../workload/000753-locked.pdf,../workload/000753-decoded.pdf,,,,
3155716,user,20,0,6149652,21644,14824,S,0.1,0.1,0:00.01,java,-jar,../pdfbox-app-2.0.21.jar,ExtractText,-password,123,-sort,../workload/000809-locked.pdf,../workload/000809-from-pdf.txt,,,
3155890,user,20,0,6624036,29368,18348,S,0.2,0.2,0:00.06,java,-jar,../pdfbox-app-2.0.21.jar,Encrypt,-O,123,-U,123,../workload/000810.pdf,../workload/000810-locked.pdf,,
3155983,user,20,0,7283376,90124,26788,S,6,0.6,0:01.45,java,-jar,../pdfbox-app-2.0.21.jar,PDFToImage,-password,123,-imageType,png,-outputPrefix,workloadAsImage,-time,../workload/000810-locked.pdf
3156130,user,20,0,6894552,38148,18572,S,0.6,0.2,0:00.14,java,-jar,../pdfbox-app-2.0.21.jar,Encrypt,-O,123,-U,123,../workload/000817.pdf,../workload/000817-locked.pdf,,
3156231,user,20,0,6905776,47456,20176,S,1.8,0.3,0:00.43,java,-jar,../pdfbox-app-2.0.21.jar,PDFToImage,-password,123,-imageType,png,-outputPrefix,workloadAsImage,-time,../workload/000817-locked.pdf
3156265,user,20,0,6963164,70092,19312,S,3.8,0.4,0:00.93,java,-jar,../pdfbox-app-2.0.21.jar,TextToPDF,-standardFont,Helvetica-BoldOblique,-fontSize,18,../workload/000817-from-txt.pdf,../workload/000817-from-pdf.txt,,
3156425,user,20,0,7045848,61068,21696,S,2.9,0.4,0:00.70,java,-jar,../pdfbox-app-2.0.21.jar,ExtractText,-password,123,-sort,../workload/000752-locked.pdf,../workload/000752-from-pdf.txt,,,
3156479,user,20,0,7820244,150520,27412,S,15.9,0.9,0:03.86,java,-jar,../pdfbox-app-2.0.21.jar,PDFToImage,-password,123,-imageType,png,-outputPrefix,workloadAsImage,-time,../workload/000752-locked.pdf
3156627,user,20,0,6979284,63628,21656,S,2.8,0.4,0:00.68,java,-jar,../pdfbox-app-2.0.21.jar,Encrypt,-O,123,-U,123,../workload/000753.pdf,../workload/000753-locked.pdf,,
3156719,user,20,0,7283376,94948,26600,S,6.5,0.6,0:01.57,java,-jar,../pdfbox-app-2.0.21.jar,PDFToImage,-password,123,-imageType,png,-outputPrefix,workloadAsImage,-time,../workload/000753-locked.pdf
3156850,user,20,0,6624036,27276,17480,S,0.5,0.2,0:00.12,java,-jar,../pdfbox-app-2.0.21.jar,OverlayPDF,../workload/000753.pdf,../workload/000142.pdf,-position,foreground,../workload/000753-overlaid.pdf,,,
3157005,user,20,0,6624036,28852,18056,S,0.8,0.2,0:00.20,java,-jar,../pdfbox-app-2.0.21.jar,PDFSplit,-password,123,-split,1,../workload/000809-locked.pdf,,,
3157151,user,20,0,6981332,67936,21616,S,3.8,0.4,0:00.92,java,-jar,../pdfbox-app-2.0.21.jar,ExtractImages,-password,123,-directJPEG,../workload/000810-locked.pdf,,,,
3157273,user,20,0,6894552,39504,18728,S,0.7,0.2,0:00.17,java,-jar,../pdfbox-app-2.0.21.jar,WriteDecodedDoc,-password,123,../workload/000810-locked.pdf,../workload/000810-decoded.pdf,,,,
3157390,user,20,0,7045848,62316,21440,S,2.8,0.4,0:00.68,java,-jar,../pdfbox-app-2.0.21.jar,ExtractImages,-password,123,-directJPEG,../workload/000817-locked.pdf,,,,
3157451,user,20,0,6963164,71040,19376,S,3.8,0.4,0:00.92,java,-jar,../pdfbox-app-2.0.21.jar,TextToPDF,-standardFont,Helvetica-BoldOblique,-fontSize,18,../workload/000817-from-txt.pdf,../workload/000817-from-pdf.txt,,
3157663,user,20,0,7139124,55352,24228,S,1.9,0.3,0:00.47,java,-jar,../pdfbox-app-2.0.21.jar,PDFToImage,-password,123,-imageType,png,-outputPrefix,workloadAsImage,-time,../workload/000752-locked.pdf
3157744,user,20,0,6905776,47488,19820,S,1.3,0.3,0:00.31,java,-jar,../pdfbox-app-2.0.21.jar,PDFMerger,../workload/000752-locked-1.pdf,../workload/000752-locked-2.pdf,../workload/000752-merged.pdf,,,,,
3157878,user,20,0,6979284,61092,21416,S,2.4,0.4,0:00.58,java,-jar,../pdfbox-app-2.0.21.jar,ExtractImages,-password,123,-directJPEG,../workload/000753-locked.pdf,,,,
3157943,user,20,0,6963164,59472,19408,S,2.6,0.4,0:00.63,java,-jar,../pdfbox-app-2.0.21.jar,TextToPDF,-standardFont,Helvetica-BoldOblique,-fontSize,18,../workload/000753-from-txt.pdf,../workload/000753-from-pdf.txt,,
3158120,user,20,0,6894552,39000,18620,S,0.7,0.2,0:00.16,java,-jar,../pdfbox-app-2.0.21.jar,ExtractImages,-password,123,-directJPEG,../workload/000809-locked.pdf,,,,
3158272,user,20,0,7047896,68388,21280,S,3.5,0.4,0:00.85,java,-jar,../pdfbox-app-2.0.21.jar,Encrypt,-O,123,-U,123,../workload/000810.pdf,../workload/000810-locked.pdf,,
3158366,user,20,0,7618264,104536,26856,S,7.9,0.6,0:01.92,java,-jar,../pdfbox-app-2.0.21.jar,PDFToImage,-password,123,-imageType,png,-outputPrefix,workloadAsImage,-time,../workload/000810-locked.pdf
3158506,user,20,0,6894552,41428,18892,S,1,0.3,0:00.23,java,-jar,../pdfbox-app-2.0.21.jar,Encrypt,-O,123,-U,123,../workload/000817.pdf,../workload/000817-locked.pdf,,
3158608,user,20,0,7207820,62424,25476,S,2.9,0.4,0:00.71,java,-jar,../pdfbox-app-2.0.21.jar,PDFToImage,-password,123,-imageType,png,-outputPrefix,workloadAsImage,-time,../workload/000817-locked.pdf
3158694,user,20,0,6976952,66028,21032,S,2.9,0.4,0:00.70,java,-jar,../pdfbox-app-2.0.21.jar,PDFMerger,../workload/000817-locked-1.pdf,../workload/000817-locked-2.pdf,../workload/000817-merged.pdf,,,,,
3158803,user,20,0,6974904,53968,20736,S,1.9,0.3,0:00.45,java,-jar,../pdfbox-app-2.0.21.jar,ExtractText,-password,123,-sort,../workload/000752-locked.pdf,../workload/000752-from-pdf.txt,,,
3158855,user,20,0,7820244,147076,26776,S,16.3,0.9,0:03.93,java,-jar,../pdfbox-app-2.0.21.jar,PDFToImage,-password,123,-imageType,png,-outputPrefix,workloadAsImage,-time,../workload/000752-locked.pdf
3158889,user,20,0,6894552,43484,18600,S,9.8,0.3,0:00.26,java,-jar,../pdfbox-app-2.0.21.jar,TextToPDF,-standardFont,Helvetica-BoldOblique,-fontSize,18,../workload/000752-from-txt.pdf,../workload/000752-from-pdf.txt,,
3159022,user,20,0,7041468,55596,20604,S,2,0.3,0:00.48,java,-jar,../pdfbox-app-2.0.21.jar,Decrypt,-password,123,../workload/000753-locked.pdf,../workload/000753-unlocked.pdf,,,,
3159098,user,20,0,7620552,130756,26636,S,13.2,0.8,0:03.19,java,-jar,../pdfbox-app-2.0.21.jar,PDFToImage,-password,123,-imageType,png,-outputPrefix,workloadAsImage,-time,../workload/000753-locked.pdf
3159247,user,20,0,6149652,21884,14660,S,0.2,0.1,0:00.05,java,-jar,../pdfbox-app-2.0.21.jar,Encrypt,-O,123,-U,123,../workload/000809.pdf,../workload/000809-locked.pdf,,
3159442,user,20,0,6216220,23348,15252,S,0.1,0.1,0:00.03,java,-jar,../pdfbox-app-2.0.21.jar,OverlayPDF,../workload/000809.pdf,../workload/000142.pdf,-position,foreground,../workload/000809-overlaid.pdf,,,
3159558,user,20,0,7139124,55296,24428,S,1.8,0.3,0:00.43,java,-jar,../pdfbox-app-2.0.21.jar,PDFToImage,-password,123,-imageType,png,-outputPrefix,workloadAsImage,-time,../workload/000810-locked.pdf
3159675,user,20,0,6979284,62100,21572,S,2.8,0.4,0:00.67,java,-jar,../pdfbox-app-2.0.21.jar,WriteDecodedDoc,-password,123,../workload/000810-locked.pdf,../workload/000810-decoded.pdf,,,,
3159791,user,20,0,7316220,92960,21952,S,7,0.6,0:01.68,java,-jar,../pdfbox-app-2.0.21.jar,ExtractImages,-password,123,-directJPEG,../workload/000817-locked.pdf,,,,
3159877,user,20,0,6894552,39084,18840,S,0.7,0.2,0:00.17,java,-jar,../pdfbox-app-2.0.21.jar,PDFSplit,-password,123,-split,1,../workload/000817-locked.pdf,,,
3160014,user,20,0,7047896,84480,21440,S,4.6,0.5,0:01.11,java,-jar,../pdfbox-app-2.0.21.jar,ExtractText,-password,123,-sort,../workload/000752-locked.pdf,../workload/000752-from-pdf.txt,,,
3160069,user,20,0,7820244,148644,27140,S,17.2,0.9,0:04.17,java,-jar,../pdfbox-app-2.0.21.jar,PDFToImage,-password,123,-imageType,png,-outputPrefix,workloadAsImage,-time,../workload/000752-locked.pdf
3160238,user,20,0,6149652,21968,14588,S,0.1,0.1,0:00.03,java,-jar,../pdfbox-app-2.0.21.jar,Decrypt,-password,123,../workload/000753-locked.pdf,../workload/000753-unlocked.pdf,,,,
3160309,user,20,0,7618264,106632,26408,S,9.2,0.7,0:02.24,java,-jar,../pdfbox-app-2.0.21.jar,PDFToImage,-password,123,-imageType,png,-outputPrefix,workloadAsImage,-time,../workload/000753-locked.pdf
3160450,user,20,0,6976952,66084,20836,S,3.5,0.4,0:00.85,java,-jar,../pdfbox-app-2.0.21.jar,OverlayPDF,../workload/000753.pdf,../workload/000142.pdf,-position,foreground,../workload/000753-overlaid.pdf,,,
3160627,user,20,0,6827988,31496,18624,S,0.5,0.2,0:00.11,java,-jar,../pdfbox-app-2.0.21.jar,PDFMerger,../workload/000809-locked-*.pdf,../workload/000809-merged.pdf,,,,,,
3160779,user,20,0,6624036,27532,17440,S,0.4,0.2,0:00.10,java,-jar,../pdfbox-app-2.0.21.jar,PDFToImage,-password,123,-imageType,png,-outputPrefix,workloadAsImage,-time,../workload/000810-locked.pdf
3160861,user,20,0,6624036,29652,18308,S,0.6,0.2,0:00.14,java,-jar,../pdfbox-app-2.0.21.jar,PDFMerger,../workload/000810-locked-1.pdf,../workload/000810-merged.pdf,,,,,,
3160998,user,20,0,7045848,60320,21128,S,2.4,0.4,0:00.58,java,-jar,../pdfbox-app-2.0.21.jar,ExtractImages,-password,123,-directJPEG,../workload/000817-locked.pdf,,,,
3161084,user,20,0,6972340,47408,20320,S,1.1,0.3,0:00.27,java,-jar,../pdfbox-app-2.0.21.jar,PDFSplit,-password,123,-split,1,../workload/000817-locked.pdf,,,
3161220,user,20,0,6979284,65260,21028,S,3.6,0.4,0:00.86,java,-jar,../pdfbox-app-2.0.21.jar,ExtractText,-password,123,-sort,../workload/000752-locked.pdf,../workload/000752-from-pdf.txt,,,
3161271,user,20,0,7820244,149148,26692,S,16.7,0.9,0:04.02,java,-jar,../pdfbox-app-2.0.21.jar,PDFToImage,-password,123,-imageType,png,-outputPrefix,workloadAsImage,-time,../workload/000752-locked.pdf
3161439,user,20,0,6894552,41024,18932,S,0.8,0.3,0:00.19,java,-jar,../pdfbox-app-2.0.21.jar,Decrypt,-password,123,../workload/000753-locked.pdf,../workload/000753-unlocked.pdf,,,,
3161516,user,20,0,7618264,116996,26952,S,11.4,0.7,0:02.74,java,-jar,../pdfbox-app-2.0.21.jar,PDFToImage,-password,123,-imageType,png,-outputPrefix,workloadAsImage,-time,../workload/000753-locked.pdf
3161648,user,20,0,6357780,24312,16036,S,0.3,0.1,0:00.08,java,-jar,../pdfbox-app-2.0.21.jar,OverlayPDF,../workload/000753.pdf,../workload/000142.pdf,-position,foreground,../workload/000753-overlaid.pdf,,,
3161841,user,20,0,6149652,21188,14648,S,0,0.1,0:00.01,java,-jar,../pdfbox-app-2.0.21.jar,WriteDecodedDoc,-password,123,../workload/000809-locked.pdf,../workload/000809-decoded.pdf,,,,
3161975,user,20,0,6894552,39612,18856,S,0.8,0.2,0:00.20,java,-jar,../pdfbox-app-2.0.21.jar,PDFToImage,-password,123,-imageType,png,-outputPrefix,workloadAsImage,-time,../workload/000810-locked.pdf
3162073,user,20,0,6894552,41572,18924,S,0.9,0.3,0:00.21,java,-jar,../pdfbox-app-2.0.21.jar,WriteDecodedDoc,-password,123,../workload/000810-locked.pdf,../workload/000810-decoded.pdf,,,,
3162193,user,20,0,7314172,89584,21556,S,6,0.6,0:01.44,java,-jar,../pdfbox-app-2.0.21.jar,ExtractImages,-password,123,-directJPEG,../workload/000817-locked.pdf,,,,
3162278,user,20,0,7045848,67276,21088,S,4,0.4,0:00.96,java,-jar,../pdfbox-app-2.0.21.jar,PDFSplit,-password,123,-split,1,../workload/000817-locked.pdf,,,
3162390,user,20,0,6908340,52280,20508,S,1.6,0.3,0:00.38,java,-jar,../pdfbox-app-2.0.21.jar,Decrypt,-password,123,../workload/000752-locked.pdf,../workload/000752-unlocked.pdf,,,,
3162460,user,20,0,7620552,120500,27132,S,13.4,0.7,0:03.23,java,-jar,../pdfbox-app-2.0.21.jar,PDFToImage,-password,123,-imageType,png,-outputPrefix,workloadAsImage,-time,../workload/000752-locked.pdf
3162613,user,20,0,6894552,40464,18792,S,0.9,0.2,0:00.22,java,-jar,../pdfbox-app-2.0.21.jar,OverlayPDF,../workload/000752.pdf,../workload/000142.pdf,-position,foreground,../workload/000752-overlaid.pdf,,,
3162726,user,20,0,7139124,56420,24524,S,2.1,0.3,0:00.50,java,-jar,../pdfbox-app-2.0.21.jar,PDFToImage,-password,123,-imageType,png,-outputPrefix,workloadAsImage,-time,../workload/000753-locked.pdf
3162833,user,20,0,6905776,47736,20468,S,1.1,0.3,0:00.26,java,-jar,../pdfbox-app-2.0.21.jar,WriteDecodedDoc,-password,123,../workload/000753-locked.pdf,../workload/000753-decoded.pdf,,,,
3162986,user,20,0,6894552,41428,18936,S,0.9,0.3,0:00.22,java,-jar,../pdfbox-app-2.0.21.jar,TextToPDF,-standardFont,Helvetica-BoldOblique,-fontSize,18,../workload/000809-from-txt.pdf,../workload/000809-from-pdf.txt,,
3163156,user,20,0,6624036,29124,18320,S,0.2,0.2,0:00.06,java,-jar,../pdfbox-app-2.0.21.jar,ExtractImages,-password,123,-directJPEG,../workload/000810-locked.pdf,,,,
3163241,user,20,0,7047896,71660,21208,S,3.9,0.4,0:00.95,java,-jar,../pdfbox-app-2.0.21.jar,PDFSplit,-password,123,-split,1,../workload/000810-locked.pdf,,,
3163396,user,20,0,6961116,38076,18664,S,0.6,0.2,0:00.15,java,-jar,../pdfbox-app-2.0.21.jar,ExtractImages,-password,123,-directJPEG,../workload/000817-locked.pdf,,,,
3163456,user,20,0,6894552,39960,18676,S,0.8,0.2,0:00.19,java,-jar,../pdfbox-app-2.0.21.jar,TextToPDF,-standardFont,Helvetica-BoldOblique,-fontSize,18,../workload/000817-from-txt.pdf,../workload/000817-from-pdf.txt,,
3163666,user,20,0,6905776,42512,20080,S,0.8,0.3,0:00.20,java,-jar,../pdfbox-app-2.0.21.jar,PDFToImage,-password,123,-imageType,png,-outputPrefix,workloadAsImage,-time,../workload/000752-locked.pdf
3163729,user,20,0,6979284,66516,21088,S,3.4,0.4,0:00.81,java,-jar,../pdfbox-app-2.0.21.jar,PDFSplit,-password,123,-split,1,../workload/000752-locked.pdf,,,
3163816,user,20,0,7043516,58120,20688,S,3.5,0.4,0:00.51,java,-jar,../pdfbox-app-2.0.21.jar,Encrypt,-O,123,-U,123,../workload/000753.pdf,../workload/000753-locked.pdf,,
3163910,user,20,0,7281328,77332,26456,S,5,0.5,0:01.20,java,-jar,../pdfbox-app-2.0.21.jar,PDFToImage,-password,123,-imageType,png,-outputPrefix,workloadAsImage,-time,../workload/000753-locked.pdf
3164015,user,20,0,6905776,48536,20104,S,1.4,0.3,0:00.34,java,-jar,../pdfbox-app-2.0.21.jar,WriteDecodedDoc,-password,123,../workload/000753-locked.pdf,../workload/000753-decoded.pdf,,,,
3164171,user,20,0,7307228,90968,20656,S,5.5,0.6,0:01.32,java,-jar,../pdfbox-app-2.0.21.jar,TextToPDF,-standardFont,Helvetica-BoldOblique,-fontSize,18,../workload/000809-from-txt.pdf,../workload/000809-from-pdf.txt,,
3164345,user,20,0,7041468,53308,20648,S,1.7,0.3,0:00.41,java,-jar,../pdfbox-app-2.0.21.jar,ExtractImages,-password,123,-directJPEG,../workload/000810-locked.pdf,,,,
3164430,user,20,0,6979284,61704,21328,S,3.1,0.4,0:00.75,java,-jar,../pdfbox-app-2.0.21.jar,PDFSplit,-password,123,-split,1,../workload/000810-locked.pdf,,,
3164587,user,20,0,6827988,35152,18692,S,0.6,0.2,0:00.15,java,-jar,../pdfbox-app-2.0.21.jar,ExtractImages,-password,123,-directJPEG,../workload/000817-locked.pdf,,,,
3164646,user,20,0,7298780,85140,19424,S,6.6,0.5,0:01.60,java,-jar,../pdfbox-app-2.0.21.jar,TextToPDF,-standardFont,Helvetica-BoldOblique,-fontSize,18,../workload/000817-from-txt.pdf,../workload/000817-from-pdf.txt,,
,,,,,,,,3.7,0.374747474747475,,,,,,,,,,,,,
