PID,USER,PR,NI,VIRT,RES,SHR,S,%CPU,%MEM,TIME+,COMMAND
2635989,user,20,0,7380212,196996,21128,S,29.1,1.2,0:05.14,java -javaagent:/home/user/glowroot/glowroot.jar -jar ./pdfbox-app-2.0.21.jar Encrypt -O 123 -U 123 ./workload/000752.pdf ./workload/000752-locked.pdf
2635989,user,20,0,8818996,465864,33744,S,55.7,2.9,0:18.55,java -javaagent:/home/user/glowroot/glowroot.jar -jar ./pdfbox-app-2.0.21.jar Encrypt -O 123 -U 123 ./workload/000752.pdf ./workload/000752-locked.pdf
2636040,user,20,0,8260108,264312,27816,S,42.7,1.6,0:10.36,java -javaagent:/home/user/glowroot/glowroot.jar -jar ./pdfbox-app-2.0.21.jar Decrypt -password 123 ./workload/000752-locked.pdf ./workload/000752-unlocked.pdf
2636092,user,20,0,7311584,141040,21140,S,16.5,0.9,0:03.99,java -javaagent:/home/user/glowroot/glowroot.jar -jar ./pdfbox-app-2.0.21.jar ExtractText -password 123 -sort ./workload/000752-locked.pdf ./workload/000752-from-pdf.txt
2636092,user,20,0,8415288,334816,33676,S,55.9,2.1,0:17.53,java -javaagent:/home/user/glowroot/glowroot.jar -jar ./pdfbox-app-2.0.21.jar ExtractText -password 123 -sort ./workload/000752-locked.pdf ./workload/000752-from-pdf.txt
2636092,user,20,0,8418368,513564,33836,S,41.1,3.2,0:27.46,java -javaagent:/home/user/glowroot/glowroot.jar -jar ./pdfbox-app-2.0.21.jar ExtractText -password 123 -sort ./workload/000752-locked.pdf ./workload/000752-from-pdf.txt
2636092,user,20,0,8419400,708740,33836,S,19.6,4.4,0:32.19,java -javaagent:/home/user/glowroot/glowroot.jar -jar ./pdfbox-app-2.0.21.jar ExtractText -password 123 -sort ./workload/000752-locked.pdf ./workload/000752-from-pdf.txt
2636092,user,20,0,8419400,727556,33836,S,17.9,4.5,0:36.51,java -javaagent:/home/user/glowroot/glowroot.jar -jar ./pdfbox-app-2.0.21.jar ExtractText -password 123 -sort ./workload/000752-locked.pdf ./workload/000752-from-pdf.txt
2636092,user,20,0,8484936,754420,33836,S,24.3,4.6,0:42.37,java -javaagent:/home/user/glowroot/glowroot.jar -jar ./pdfbox-app-2.0.21.jar ExtractText -password 123 -sort ./workload/000752-locked.pdf ./workload/000752-from-pdf.txt
2636092,user,20,0,8484936,769264,33836,S,27.4,4.7,0:48.96,java -javaagent:/home/user/glowroot/glowroot.jar -jar ./pdfbox-app-2.0.21.jar ExtractText -password 123 -sort ./workload/000752-locked.pdf ./workload/000752-from-pdf.txt
2636092,user,20,0,8484936,757408,33836,S,27.9,4.7,0:55.70,java -javaagent:/home/user/glowroot/glowroot.jar -jar ./pdfbox-app-2.0.21.jar ExtractText -password 123 -sort ./workload/000752-locked.pdf ./workload/000752-from-pdf.txt
2636092,user,20,0,8484936,758028,33836,S,18.6,4.7,1:00.17,java -javaagent:/home/user/glowroot/glowroot.jar -jar ./pdfbox-app-2.0.21.jar ExtractText -password 123 -sort ./workload/000752-locked.pdf ./workload/000752-from-pdf.txt
2636092,user,20,0,8484936,759028,33836,S,16.4,4.7,1:04.13,java -javaagent:/home/user/glowroot/glowroot.jar -jar ./pdfbox-app-2.0.21.jar ExtractText -password 123 -sort ./workload/000752-locked.pdf ./workload/000752-from-pdf.txt
2636172,user,20,0,7311584,109116,20940,S,7.7,0.7,0:01.86,java -javaagent:/home/user/glowroot/glowroot.jar -jar ./pdfbox-app-2.0.21.jar ExtractImages -password 123 -directJPEG ./workload/000752-locked.pdf
2636172,user,20,0,8419056,398856,33556,S,57.4,2.5,0:15.67,java -javaagent:/home/user/glowroot/glowroot.jar -jar ./pdfbox-app-2.0.21.jar ExtractImages -password 123 -directJPEG ./workload/000752-locked.pdf
2636172,user,20,0,8418368,523092,33716,S,57.4,3.2,0:29.54,java -javaagent:/home/user/glowroot/glowroot.jar -jar ./pdfbox-app-2.0.21.jar ExtractImages -password 123 -directJPEG ./workload/000752-locked.pdf
2636172,user,20,0,8418368,549128,33716,S,38.2,3.4,0:38.78,java -javaagent:/home/user/glowroot/glowroot.jar -jar ./pdfbox-app-2.0.21.jar ExtractImages -password 123 -directJPEG ./workload/000752-locked.pdf
2636172,user,20,0,8419400,591436,33716,S,24,3.6,0:44.55,java -javaagent:/home/user/glowroot/glowroot.jar -jar ./pdfbox-app-2.0.21.jar ExtractImages -password 123 -directJPEG ./workload/000752-locked.pdf
2636172,user,20,0,8419400,615064,33716,S,22.4,3.8,0:49.97,java -javaagent:/home/user/glowroot/glowroot.jar -jar ./pdfbox-app-2.0.21.jar ExtractImages -password 123 -directJPEG ./workload/000752-locked.pdf
2636172,user,20,0,8419400,654784,33716,S,16.3,4,0:53.90,java -javaagent:/home/user/glowroot/glowroot.jar -jar ./pdfbox-app-2.0.21.jar ExtractImages -password 123 -directJPEG ./workload/000752-locked.pdf
2636172,user,20,0,8816728,668616,33716,S,17.5,4.1,0:58.11,java -javaagent:/home/user/glowroot/glowroot.jar -jar ./pdfbox-app-2.0.21.jar ExtractImages -password 123 -directJPEG ./workload/000752-locked.pdf
2636240,user,20,0,8253740,256304,27736,S,44,1.6,0:10.70,java -javaagent:/home/user/glowroot/glowroot.jar -jar ./pdfbox-app-2.0.21.jar PDFToImage -password 123 -imageType png -outputPrefix workloadAsImage -time ./workload/000752-locked.pdf
2636240,user,20,0,8719388,526660,39872,S,54.3,3.2,0:23.81,java -javaagent:/home/user/glowroot/glowroot.jar -jar ./pdfbox-app-2.0.21.jar PDFToImage -password 123 -imageType png -outputPrefix workloadAsImage -time ./workload/000752-locked.pdf
2636240,user,20,0,8790528,627972,40028,S,41.4,3.9,0:33.82,java -javaagent:/home/user/glowroot/glowroot.jar -jar ./pdfbox-app-2.0.21.jar PDFToImage -password 123 -imageType png -outputPrefix workloadAsImage -time ./workload/000752-locked.pdf
2636240,user,20,0,8785956,678420,40028,S,21.6,4.2,0:39.03,java -javaagent:/home/user/glowroot/glowroot.jar -jar ./pdfbox-app-2.0.21.jar PDFToImage -password 123 -imageType png -outputPrefix workloadAsImage -time ./workload/000752-locked.pdf
2636240,user,20,0,8785956,680768,40088,S,19.4,4.2,0:43.71,java -javaagent:/home/user/glowroot/glowroot.jar -jar ./pdfbox-app-2.0.21.jar PDFToImage -password 123 -imageType png -outputPrefix workloadAsImage -time ./workload/000752-locked.pdf
2636240,user,20,0,8785956,682760,40088,S,20.1,4.2,0:48.54,java -javaagent:/home/user/glowroot/glowroot.jar -jar ./pdfbox-app-2.0.21.jar PDFToImage -password 123 -imageType png -outputPrefix workloadAsImage -time ./workload/000752-locked.pdf
2636240,user,20,0,8785956,682840,40088,S,17.9,4.2,0:52.86,java -javaagent:/home/user/glowroot/glowroot.jar -jar ./pdfbox-app-2.0.21.jar PDFToImage -password 123 -imageType png -outputPrefix workloadAsImage -time ./workload/000752-locked.pdf
2636240,user,20,0,8788004,683664,40088,S,17.7,4.2,0:57.13,java -javaagent:/home/user/glowroot/glowroot.jar -jar ./pdfbox-app-2.0.21.jar PDFToImage -password 123 -imageType png -outputPrefix workloadAsImage -time ./workload/000752-locked.pdf
2636240,user,20,0,8788004,684112,40088,S,19.4,4.2,1:01.82,java -javaagent:/home/user/glowroot/glowroot.jar -jar ./pdfbox-app-2.0.21.jar PDFToImage -password 123 -imageType png -outputPrefix workloadAsImage -time ./workload/000752-locked.pdf
2636240,user,20,0,8788004,685176,40088,S,21.3,4.2,1:06.96,java -javaagent:/home/user/glowroot/glowroot.jar -jar ./pdfbox-app-2.0.21.jar PDFToImage -password 123 -imageType png -outputPrefix workloadAsImage -time ./workload/000752-locked.pdf
2636240,user,20,0,8788004,691852,40088,S,20.9,4.3,1:11.99,java -javaagent:/home/user/glowroot/glowroot.jar -jar ./pdfbox-app-2.0.21.jar PDFToImage -password 123 -imageType png -outputPrefix workloadAsImage -time ./workload/000752-locked.pdf
2636240,user,20,0,8788004,694064,40088,S,19.5,4.3,1:16.69,java -javaagent:/home/user/glowroot/glowroot.jar -jar ./pdfbox-app-2.0.21.jar PDFToImage -password 123 -imageType png -outputPrefix workloadAsImage -time ./workload/000752-locked.pdf
2636240,user,20,0,8788004,694948,40088,S,16.9,4.3,1:20.76,java -javaagent:/home/user/glowroot/glowroot.jar -jar ./pdfbox-app-2.0.21.jar PDFToImage -password 123 -imageType png -outputPrefix workloadAsImage -time ./workload/000752-locked.pdf
2636240,user,20,0,8788004,695336,40088,S,19.2,4.3,1:25.41,java -javaagent:/home/user/glowroot/glowroot.jar -jar ./pdfbox-app-2.0.21.jar PDFToImage -password 123 -imageType png -outputPrefix workloadAsImage -time ./workload/000752-locked.pdf
2636240,user,20,0,8788004,696456,40088,S,18.8,4.3,1:29.93,java -javaagent:/home/user/glowroot/glowroot.jar -jar ./pdfbox-app-2.0.21.jar PDFToImage -password 123 -imageType png -outputPrefix workloadAsImage -time ./workload/000752-locked.pdf
2636240,user,20,0,8788004,731136,40088,S,16.7,4.5,1:33.94,java -javaagent:/home/user/glowroot/glowroot.jar -jar ./pdfbox-app-2.0.21.jar PDFToImage -password 123 -imageType png -outputPrefix workloadAsImage -time ./workload/000752-locked.pdf
2636240,user,20,0,8790292,747984,41072,S,24.5,4.6,1:39.83,java -javaagent:/home/user/glowroot/glowroot.jar -jar ./pdfbox-app-2.0.21.jar PDFToImage -password 123 -imageType png -outputPrefix workloadAsImage -time ./workload/000752-locked.pdf
2636240,user,20,0,8790292,748636,41072,S,21.6,4.6,1:45.03,java -javaagent:/home/user/glowroot/glowroot.jar -jar ./pdfbox-app-2.0.21.jar PDFToImage -password 123 -imageType png -outputPrefix workloadAsImage -time ./workload/000752-locked.pdf
2636240,user,20,0,8790292,792180,41200,S,19.5,4.9,1:49.75,java -javaagent:/home/user/glowroot/glowroot.jar -jar ./pdfbox-app-2.0.21.jar PDFToImage -password 123 -imageType png -outputPrefix workloadAsImage -time ./workload/000752-locked.pdf
2636240,user,20,0,8790292,792444,41200,S,15.6,4.9,1:53.51,java -javaagent:/home/user/glowroot/glowroot.jar -jar ./pdfbox-app-2.0.21.jar PDFToImage -password 123 -imageType png -outputPrefix workloadAsImage -time ./workload/000752-locked.pdf
2636240,user,20,0,8790292,792700,41200,S,17.4,4.9,1:57.71,java -javaagent:/home/user/glowroot/glowroot.jar -jar ./pdfbox-app-2.0.21.jar PDFToImage -password 123 -imageType png -outputPrefix workloadAsImage -time ./workload/000752-locked.pdf
2636240,user,20,0,8790292,793228,41200,S,19.2,4.9,2:02.36,java -javaagent:/home/user/glowroot/glowroot.jar -jar ./pdfbox-app-2.0.21.jar PDFToImage -password 123 -imageType png -outputPrefix workloadAsImage -time ./workload/000752-locked.pdf
2636240,user,20,0,8790292,793228,41200,S,19,4.9,2:06.96,java -javaagent:/home/user/glowroot/glowroot.jar -jar ./pdfbox-app-2.0.21.jar PDFToImage -password 123 -imageType png -outputPrefix workloadAsImage -time ./workload/000752-locked.pdf
2636240,user,20,0,8790292,793228,41200,S,19.9,4.9,2:11.74,java -javaagent:/home/user/glowroot/glowroot.jar -jar ./pdfbox-app-2.0.21.jar PDFToImage -password 123 -imageType png -outputPrefix workloadAsImage -time ./workload/000752-locked.pdf
2636240,user,20,0,8790292,793228,41200,S,18.7,4.9,2:16.25,java -javaagent:/home/user/glowroot/glowroot.jar -jar ./pdfbox-app-2.0.21.jar PDFToImage -password 123 -imageType png -outputPrefix workloadAsImage -time ./workload/000752-locked.pdf
2636240,user,20,0,8790292,793544,41200,S,19.4,4.9,2:20.91,java -javaagent:/home/user/glowroot/glowroot.jar -jar ./pdfbox-app-2.0.21.jar PDFToImage -password 123 -imageType png -outputPrefix workloadAsImage -time ./workload/000752-locked.pdf
2636240,user,20,0,8790292,793544,41200,S,19.8,4.9,2:25.70,java -javaagent:/home/user/glowroot/glowroot.jar -jar ./pdfbox-app-2.0.21.jar PDFToImage -password 123 -imageType png -outputPrefix workloadAsImage -time ./workload/000752-locked.pdf
2636240,user,20,0,8790292,793544,41200,S,15.2,4.9,2:29.37,java -javaagent:/home/user/glowroot/glowroot.jar -jar ./pdfbox-app-2.0.21.jar PDFToImage -password 123 -imageType png -outputPrefix workloadAsImage -time ./workload/000752-locked.pdf
2636240,user,20,0,8790292,793544,41200,S,13.1,4.9,2:32.54,java -javaagent:/home/user/glowroot/glowroot.jar -jar ./pdfbox-app-2.0.21.jar PDFToImage -password 123 -imageType png -outputPrefix workloadAsImage -time ./workload/000752-locked.pdf
2636240,user,20,0,8790292,793716,41200,S,14.5,4.9,2:36.02,java -javaagent:/home/user/glowroot/glowroot.jar -jar ./pdfbox-app-2.0.21.jar PDFToImage -password 123 -imageType png -outputPrefix workloadAsImage -time ./workload/000752-locked.pdf
2636240,user,20,0,8790292,793716,41200,S,13.2,4.9,2:39.19,java -javaagent:/home/user/glowroot/glowroot.jar -jar ./pdfbox-app-2.0.21.jar PDFToImage -password 123 -imageType png -outputPrefix workloadAsImage -time ./workload/000752-locked.pdf
2636240,user,20,0,8790292,793716,41200,S,13,4.9,2:42.31,java -javaagent:/home/user/glowroot/glowroot.jar -jar ./pdfbox-app-2.0.21.jar PDFToImage -password 123 -imageType png -outputPrefix workloadAsImage -time ./workload/000752-locked.pdf
2636240,user,20,0,8790292,793716,41200,S,13,4.9,2:45.44,java -javaagent:/home/user/glowroot/glowroot.jar -jar ./pdfbox-app-2.0.21.jar PDFToImage -password 123 -imageType png -outputPrefix workloadAsImage -time ./workload/000752-locked.pdf
2636240,user,20,0,8790292,793716,41200,S,13,4.9,2:48.58,java -javaagent:/home/user/glowroot/glowroot.jar -jar ./pdfbox-app-2.0.21.jar PDFToImage -password 123 -imageType png -outputPrefix workloadAsImage -time ./workload/000752-locked.pdf
2636240,user,20,0,8790292,793716,41200,S,13.2,4.9,2:51.77,java -javaagent:/home/user/glowroot/glowroot.jar -jar ./pdfbox-app-2.0.21.jar PDFToImage -password 123 -imageType png -outputPrefix workloadAsImage -time ./workload/000752-locked.pdf
2636240,user,20,0,8790292,793716,41200,S,13.9,4.9,2:55.12,java -javaagent:/home/user/glowroot/glowroot.jar -jar ./pdfbox-app-2.0.21.jar PDFToImage -password 123 -imageType png -outputPrefix workloadAsImage -time ./workload/000752-locked.pdf
2636240,user,20,0,8790292,793716,41200,S,12.5,4.9,2:58.12,java -javaagent:/home/user/glowroot/glowroot.jar -jar ./pdfbox-app-2.0.21.jar PDFToImage -password 123 -imageType png -outputPrefix workloadAsImage -time ./workload/000752-locked.pdf
2636240,user,20,0,8790292,793716,41200,S,13.7,4.9,3:01.43,java -javaagent:/home/user/glowroot/glowroot.jar -jar ./pdfbox-app-2.0.21.jar PDFToImage -password 123 -imageType png -outputPrefix workloadAsImage -time ./workload/000752-locked.pdf
2636240,user,20,0,8790292,793716,41200,S,14.1,4.9,3:04.83,java -javaagent:/home/user/glowroot/glowroot.jar -jar ./pdfbox-app-2.0.21.jar PDFToImage -password 123 -imageType png -outputPrefix workloadAsImage -time ./workload/000752-locked.pdf
2636240,user,20,0,8790292,793716,41200,S,13.2,4.9,3:08.01,java -javaagent:/home/user/glowroot/glowroot.jar -jar ./pdfbox-app-2.0.21.jar PDFToImage -password 123 -imageType png -outputPrefix workloadAsImage -time ./workload/000752-locked.pdf
2636240,user,20,0,8792340,793828,41200,S,13.7,4.9,3:11.31,java -javaagent:/home/user/glowroot/glowroot.jar -jar ./pdfbox-app-2.0.21.jar PDFToImage -password 123 -imageType png -outputPrefix workloadAsImage -time ./workload/000752-locked.pdf
2636240,user,20,0,8792340,793828,41200,S,13.3,4.9,3:14.51,java -javaagent:/home/user/glowroot/glowroot.jar -jar ./pdfbox-app-2.0.21.jar PDFToImage -password 123 -imageType png -outputPrefix workloadAsImage -time ./workload/000752-locked.pdf
2636240,user,20,0,8792340,793828,41200,S,13.2,4.9,3:17.70,java -javaagent:/home/user/glowroot/glowroot.jar -jar ./pdfbox-app-2.0.21.jar PDFToImage -password 123 -imageType png -outputPrefix workloadAsImage -time ./workload/000752-locked.pdf
2636240,user,20,0,8792340,793828,41200,S,12.8,4.9,3:20.79,java -javaagent:/home/user/glowroot/glowroot.jar -jar ./pdfbox-app-2.0.21.jar PDFToImage -password 123 -imageType png -outputPrefix workloadAsImage -time ./workload/000752-locked.pdf
2636240,user,20,0,8792340,793828,41200,S,13,4.9,3:23.92,java -javaagent:/home/user/glowroot/glowroot.jar -jar ./pdfbox-app-2.0.21.jar PDFToImage -password 123 -imageType png -outputPrefix workloadAsImage -time ./workload/000752-locked.pdf
2636240,user,20,0,8792340,930424,41200,S,15.9,5.7,3:27.75,java -javaagent:/home/user/glowroot/glowroot.jar -jar ./pdfbox-app-2.0.21.jar PDFToImage -password 123 -imageType png -outputPrefix workloadAsImage -time ./workload/000752-locked.pdf
2636240,user,20,0,8792340,931216,41200,S,18.7,5.7,3:32.25,java -javaagent:/home/user/glowroot/glowroot.jar -jar ./pdfbox-app-2.0.21.jar PDFToImage -password 123 -imageType png -outputPrefix workloadAsImage -time ./workload/000752-locked.pdf
2636240,user,20,0,8792340,931216,41200,S,18.3,5.7,3:36.65,java -javaagent:/home/user/glowroot/glowroot.jar -jar ./pdfbox-app-2.0.21.jar PDFToImage -password 123 -imageType png -outputPrefix workloadAsImage -time ./workload/000752-locked.pdf
2636240,user,20,0,8792340,931216,41200,S,15.5,5.7,3:40.40,java -javaagent:/home/user/glowroot/glowroot.jar -jar ./pdfbox-app-2.0.21.jar PDFToImage -password 123 -imageType png -outputPrefix workloadAsImage -time ./workload/000752-locked.pdf
2636240,user,20,0,8792340,931216,41200,S,18.4,5.7,3:44.82,java -javaagent:/home/user/glowroot/glowroot.jar -jar ./pdfbox-app-2.0.21.jar PDFToImage -password 123 -imageType png -outputPrefix workloadAsImage -time ./workload/000752-locked.pdf
2636240,user,20,0,8792340,931468,41200,S,17.8,5.7,3:49.13,java -javaagent:/home/user/glowroot/glowroot.jar -jar ./pdfbox-app-2.0.21.jar PDFToImage -password 123 -imageType png -outputPrefix workloadAsImage -time ./workload/000752-locked.pdf
2636240,user,20,0,8792340,931956,41200,S,17.4,5.7,3:53.33,java -javaagent:/home/user/glowroot/glowroot.jar -jar ./pdfbox-app-2.0.21.jar PDFToImage -password 123 -imageType png -outputPrefix workloadAsImage -time ./workload/000752-locked.pdf
2636240,user,20,0,8792340,931956,41200,S,18.2,5.7,3:57.72,java -javaagent:/home/user/glowroot/glowroot.jar -jar ./pdfbox-app-2.0.21.jar PDFToImage -password 123 -imageType png -outputPrefix workloadAsImage -time ./workload/000752-locked.pdf
2636240,user,20,0,8792340,931956,41200,S,14.4,5.7,4:01.19,java -javaagent:/home/user/glowroot/glowroot.jar -jar ./pdfbox-app-2.0.21.jar PDFToImage -password 123 -imageType png -outputPrefix workloadAsImage -time ./workload/000752-locked.pdf
2636240,user,20,0,8792340,931956,41200,S,12.9,5.7,4:04.29,java -javaagent:/home/user/glowroot/glowroot.jar -jar ./pdfbox-app-2.0.21.jar PDFToImage -password 123 -imageType png -outputPrefix workloadAsImage -time ./workload/000752-locked.pdf
2636240,user,20,0,8792340,931956,41200,S,12.8,5.7,4:07.38,java -javaagent:/home/user/glowroot/glowroot.jar -jar ./pdfbox-app-2.0.21.jar PDFToImage -password 123 -imageType png -outputPrefix workloadAsImage -time ./workload/000752-locked.pdf
2636240,user,20,0,8792340,931956,41200,S,12.2,5.7,4:10.31,java -javaagent:/home/user/glowroot/glowroot.jar -jar ./pdfbox-app-2.0.21.jar PDFToImage -password 123 -imageType png -outputPrefix workloadAsImage -time ./workload/000752-locked.pdf
2636240,user,20,0,8792340,931956,41200,S,13,5.7,4:13.44,java -javaagent:/home/user/glowroot/glowroot.jar -jar ./pdfbox-app-2.0.21.jar PDFToImage -password 123 -imageType png -outputPrefix workloadAsImage -time ./workload/000752-locked.pdf
2636404,user,20,0,6626128,27484,17504,S,0.2,0.2,0:00.04,java -javaagent:/home/user/glowroot/glowroot.jar -jar ./pdfbox-app-2.0.21.jar TextToPDF -standardFont Helvetica-BoldOblique -fontSize 18 ./workload/000752-from-txt.pdf ./workload/000752-from-pdf.txt
2636404,user,20,0,8397124,342032,30012,S,52.8,2.1,0:12.79,java -javaagent:/home/user/glowroot/glowroot.jar -jar ./pdfbox-app-2.0.21.jar TextToPDF -standardFont Helvetica-BoldOblique -fontSize 18 ./workload/000752-from-txt.pdf ./workload/000752-from-pdf.txt
2636404,user,20,0,8878912,568732,32688,S,32.7,3.5,0:20.69,java -javaagent:/home/user/glowroot/glowroot.jar -jar ./pdfbox-app-2.0.21.jar TextToPDF -standardFont Helvetica-BoldOblique -fontSize 18 ./workload/000752-from-txt.pdf ./workload/000752-from-pdf.txt
2636461,user,20,0,8255788,263184,27952,S,44.4,1.6,0:10.72,java -javaagent:/home/user/glowroot/glowroot.jar -jar ./pdfbox-app-2.0.21.jar PDFSplit -password 123 -split 1 ./workload/000752-locked.pdf
2636511,user,20,0,7316856,167760,20816,S,13.4,1,0:03.24,java -javaagent:/home/user/glowroot/glowroot.jar -jar ./pdfbox-app-2.0.21.jar PDFMerger ./workload/000752-locked-1.pdf ./workload/000752-locked-2.pdf ./workload/000752-merged.pdf
2636562,user,20,0,6692692,32456,18448,S,0.6,0.2,0:00.15,java -javaagent:/home/user/glowroot/glowroot.jar -jar ./pdfbox-app-2.0.21.jar WriteDecodedDoc -password 123 ./workload/000752-locked.pdf ./workload/000752-decoded.pdf
2636562,user,20,0,8408860,335052,32224,S,52.8,2.1,0:12.90,java -javaagent:/home/user/glowroot/glowroot.jar -jar ./pdfbox-app-2.0.21.jar WriteDecodedDoc -password 123 ./workload/000752-locked.pdf ./workload/000752-decoded.pdf
2636616,user,20,0,7311584,169612,21096,S,16,1,0:03.86,java -javaagent:/home/user/glowroot/glowroot.jar -jar ./pdfbox-app-2.0.21.jar OverlayPDF ./workload/000752.pdf ./workload/000142.pdf -position foreground ./workload/000752-overlaid.pdf
2636616,user,20,0,8410908,496408,32648,S,56.2,3.1,0:17.44,java -javaagent:/home/user/glowroot/glowroot.jar -jar ./pdfbox-app-2.0.21.jar OverlayPDF ./workload/000752.pdf ./workload/000142.pdf -position foreground ./workload/000752-overlaid.pdf
2636667,user,20,0,8194612,263752,27284,S,40.4,1.6,0:09.74,java -javaagent:/home/user/glowroot/glowroot.jar -jar ./pdfbox-app-2.0.21.jar Encrypt -O 123 -U 123 ./workload/000753.pdf ./workload/000753-locked.pdf
2636716,user,20,0,7380212,183752,21148,S,17.9,1.1,0:04.32,java -javaagent:/home/user/glowroot/glowroot.jar -jar ./pdfbox-app-2.0.21.jar Decrypt -password 123 ./workload/000753-locked.pdf ./workload/000753-unlocked.pdf
2636771,user,20,0,6692692,33000,18256,S,0.7,0.2,0:00.18,java -javaagent:/home/user/glowroot/glowroot.jar -jar ./pdfbox-app-2.0.21.jar ExtractText -password 123 -sort ./workload/000753-locked.pdf ./workload/000753-from-pdf.txt
2636771,user,20,0,8408860,284484,31884,S,52,1.7,0:12.70,java -javaagent:/home/user/glowroot/glowroot.jar -jar ./pdfbox-app-2.0.21.jar ExtractText -password 123 -sort ./workload/000753-locked.pdf ./workload/000753-from-pdf.txt
2636771,user,20,0,8418368,520148,34064,S,56.2,3.2,0:26.27,java -javaagent:/home/user/glowroot/glowroot.jar -jar ./pdfbox-app-2.0.21.jar ExtractText -password 123 -sort ./workload/000753-locked.pdf ./workload/000753-from-pdf.txt
2636771,user,20,0,8816728,604316,34192,S,44.8,3.7,0:37.10,java -javaagent:/home/user/glowroot/glowroot.jar -jar ./pdfbox-app-2.0.21.jar ExtractText -password 123 -sort ./workload/000753-locked.pdf ./workload/000753-from-pdf.txt
2636833,user,20,0,8260788,271312,27760,S,47,1.7,0:11.39,java -javaagent:/home/user/glowroot/glowroot.jar -jar ./pdfbox-app-2.0.21.jar ExtractImages -password 123 -directJPEG ./workload/000753-locked.pdf
2636833,user,20,0,8260788,274708,27760,S,58.9,1.7,0:11.72,java -javaagent:/home/user/glowroot/glowroot.jar -jar ./pdfbox-app-2.0.21.jar ExtractImages -password 123 -directJPEG ./workload/000753-locked.pdf
2636833,user,20,0,8416320,524548,34048,S,52,3.2,0:24.28,java -javaagent:/home/user/glowroot/glowroot.jar -jar ./pdfbox-app-2.0.21.jar ExtractImages -password 123 -directJPEG ./workload/000753-locked.pdf
2636833,user,20,0,8418368,565852,34048,S,37.3,3.5,0:33.28,java -javaagent:/home/user/glowroot/glowroot.jar -jar ./pdfbox-app-2.0.21.jar ExtractImages -password 123 -directJPEG ./workload/000753-locked.pdf
2636833,user,20,0,8427592,678452,36520,S,19.8,4.2,0:38.05,java -javaagent:/home/user/glowroot/glowroot.jar -jar ./pdfbox-app-2.0.21.jar ExtractImages -password 123 -directJPEG ./workload/000753-locked.pdf
2636833,user,20,0,8427592,690876,36520,S,23,4.2,0:43.58,java -javaagent:/home/user/glowroot/glowroot.jar -jar ./pdfbox-app-2.0.21.jar ExtractImages -password 123 -directJPEG ./workload/000753-locked.pdf
2636833,user,20,0,8427592,691344,36520,S,17.1,4.2,0:47.72,java -javaagent:/home/user/glowroot/glowroot.jar -jar ./pdfbox-app-2.0.21.jar ExtractImages -password 123 -directJPEG ./workload/000753-locked.pdf
2636833,user,20,0,8427592,692180,36520,S,18.1,4.3,0:52.08,java -javaagent:/home/user/glowroot/glowroot.jar -jar ./pdfbox-app-2.0.21.jar ExtractImages -password 123 -directJPEG ./workload/000753-locked.pdf
2636833,user,20,0,8429640,694800,36520,S,26.5,4.3,0:58.48,java -javaagent:/home/user/glowroot/glowroot.jar -jar ./pdfbox-app-2.0.21.jar ExtractImages -password 123 -directJPEG ./workload/000753-locked.pdf
2636899,user,20,0,7245016,100040,20964,S,7.3,0.6,0:01.76,java -javaagent:/home/user/glowroot/glowroot.jar -jar ./pdfbox-app-2.0.21.jar PDFToImage -password 123 -imageType png -outputPrefix workloadAsImage -time ./workload/000753-locked.pdf
2636899,user,20,0,8652064,397744,38620,S,55.9,2.4,0:15.31,java -javaagent:/home/user/glowroot/glowroot.jar -jar ./pdfbox-app-2.0.21.jar PDFToImage -password 123 -imageType png -outputPrefix workloadAsImage -time ./workload/000753-locked.pdf
2636899,user,20,0,8652820,583644,40292,S,55,3.6,0:28.61,java -javaagent:/home/user/glowroot/glowroot.jar -jar ./pdfbox-app-2.0.21.jar PDFToImage -password 123 -imageType png -outputPrefix workloadAsImage -time ./workload/000753-locked.pdf
2636899,user,20,0,8653852,645816,40292,S,27.9,4,0:35.32,java -javaagent:/home/user/glowroot/glowroot.jar -jar ./pdfbox-app-2.0.21.jar PDFToImage -password 123 -imageType png -outputPrefix workloadAsImage -time ./workload/000753-locked.pdf
2636899,user,20,0,8653852,647828,40292,S,23.2,4,0:40.91,java -javaagent:/home/user/glowroot/glowroot.jar -jar ./pdfbox-app-2.0.21.jar PDFToImage -password 123 -imageType png -outputPrefix workloadAsImage -time ./workload/000753-locked.pdf
2636899,user,20,0,8653852,651540,40292,S,19.2,4,0:45.54,java -javaagent:/home/user/glowroot/glowroot.jar -jar ./pdfbox-app-2.0.21.jar PDFToImage -password 123 -imageType png -outputPrefix workloadAsImage -time ./workload/000753-locked.pdf
2636899,user,20,0,8653852,659388,40292,S,21.6,4.1,0:50.75,java -javaagent:/home/user/glowroot/glowroot.jar -jar ./pdfbox-app-2.0.21.jar PDFToImage -password 123 -imageType png -outputPrefix workloadAsImage -time ./workload/000753-locked.pdf
2636899,user,20,0,8655900,661956,40296,S,20.1,4.1,0:55.59,java -javaagent:/home/user/glowroot/glowroot.jar -jar ./pdfbox-app-2.0.21.jar PDFToImage -password 123 -imageType png -outputPrefix workloadAsImage -time ./workload/000753-locked.pdf
2636899,user,20,0,8655900,662772,40360,S,16.9,4.1,0:59.66,java -javaagent:/home/user/glowroot/glowroot.jar -jar ./pdfbox-app-2.0.21.jar PDFToImage -password 123 -imageType png -outputPrefix workloadAsImage -time ./workload/000753-locked.pdf
2636899,user,20,0,8655900,663252,40360,S,15.4,4.1,1:03.37,java -javaagent:/home/user/glowroot/glowroot.jar -jar ./pdfbox-app-2.0.21.jar PDFToImage -password 123 -imageType png -outputPrefix workloadAsImage -time ./workload/000753-locked.pdf
2636899,user,20,0,8655900,665768,40868,S,20.6,4.1,1:08.32,java -javaagent:/home/user/glowroot/glowroot.jar -jar ./pdfbox-app-2.0.21.jar PDFToImage -password 123 -imageType png -outputPrefix workloadAsImage -time ./workload/000753-locked.pdf
2636899,user,20,0,8655900,665768,40868,S,13.2,4.1,1:11.51,java -javaagent:/home/user/glowroot/glowroot.jar -jar ./pdfbox-app-2.0.21.jar PDFToImage -password 123 -imageType png -outputPrefix workloadAsImage -time ./workload/000753-locked.pdf
2636899,user,20,0,8655900,665832,40868,S,14.5,4.1,1:15.01,java -javaagent:/home/user/glowroot/glowroot.jar -jar ./pdfbox-app-2.0.21.jar PDFToImage -password 123 -imageType png -outputPrefix workloadAsImage -time ./workload/000753-locked.pdf
2636899,user,20,0,8655900,666028,40868,S,13.2,4.1,1:18.18,java -javaagent:/home/user/glowroot/glowroot.jar -jar ./pdfbox-app-2.0.21.jar PDFToImage -password 123 -imageType png -outputPrefix workloadAsImage -time ./workload/000753-locked.pdf
2636899,user,20,0,8655900,666092,40868,S,13.8,4.1,1:21.50,java -javaagent:/home/user/glowroot/glowroot.jar -jar ./pdfbox-app-2.0.21.jar PDFToImage -password 123 -imageType png -outputPrefix workloadAsImage -time ./workload/000753-locked.pdf
2636899,user,20,0,8655900,666156,40868,S,14.1,4.1,1:24.91,java -javaagent:/home/user/glowroot/glowroot.jar -jar ./pdfbox-app-2.0.21.jar PDFToImage -password 123 -imageType png -outputPrefix workloadAsImage -time ./workload/000753-locked.pdf
2636899,user,20,0,8658188,667220,41168,S,13.8,4.1,1:28.24,java -javaagent:/home/user/glowroot/glowroot.jar -jar ./pdfbox-app-2.0.21.jar PDFToImage -password 123 -imageType png -outputPrefix workloadAsImage -time ./workload/000753-locked.pdf
2636899,user,20,0,8658188,667428,41168,S,14.6,4.1,1:31.76,java -javaagent:/home/user/glowroot/glowroot.jar -jar ./pdfbox-app-2.0.21.jar PDFToImage -password 123 -imageType png -outputPrefix workloadAsImage -time ./workload/000753-locked.pdf
2636899,user,20,0,8658188,667624,41168,S,15.4,4.1,1:35.48,java -javaagent:/home/user/glowroot/glowroot.jar -jar ./pdfbox-app-2.0.21.jar PDFToImage -password 123 -imageType png -outputPrefix workloadAsImage -time ./workload/000753-locked.pdf
2636899,user,20,0,8658188,668384,41168,S,14.8,4.1,1:39.04,java -javaagent:/home/user/glowroot/glowroot.jar -jar ./pdfbox-app-2.0.21.jar PDFToImage -password 123 -imageType png -outputPrefix workloadAsImage -time ./workload/000753-locked.pdf
2636899,user,20,0,8658188,668656,41228,S,15.7,4.1,1:42.84,java -javaagent:/home/user/glowroot/glowroot.jar -jar ./pdfbox-app-2.0.21.jar PDFToImage -password 123 -imageType png -outputPrefix workloadAsImage -time ./workload/000753-locked.pdf
2636899,user,20,0,8658188,678796,41396,S,20.5,4.2,1:47.77,java -javaagent:/home/user/glowroot/glowroot.jar -jar ./pdfbox-app-2.0.21.jar PDFToImage -password 123 -imageType png -outputPrefix workloadAsImage -time ./workload/000753-locked.pdf
2636899,user,20,0,8658188,678796,41396,S,15.1,4.2,1:51.42,java -javaagent:/home/user/glowroot/glowroot.jar -jar ./pdfbox-app-2.0.21.jar PDFToImage -password 123 -imageType png -outputPrefix workloadAsImage -time ./workload/000753-locked.pdf
2636899,user,20,0,8658188,678796,41396,S,13.1,4.2,1:54.59,java -javaagent:/home/user/glowroot/glowroot.jar -jar ./pdfbox-app-2.0.21.jar PDFToImage -password 123 -imageType png -outputPrefix workloadAsImage -time ./workload/000753-locked.pdf
2636899,user,20,0,8658188,678796,41396,S,13.2,4.2,1:57.77,java -javaagent:/home/user/glowroot/glowroot.jar -jar ./pdfbox-app-2.0.21.jar PDFToImage -password 123 -imageType png -outputPrefix workloadAsImage -time ./workload/000753-locked.pdf
2636899,user,20,0,8658188,678796,41396,S,15.7,4.2,2:01.56,java -javaagent:/home/user/glowroot/glowroot.jar -jar ./pdfbox-app-2.0.21.jar PDFToImage -password 123 -imageType png -outputPrefix workloadAsImage -time ./workload/000753-locked.pdf
2636899,user,20,0,8658188,678796,41396,S,13,4.2,2:04.69,java -javaagent:/home/user/glowroot/glowroot.jar -jar ./pdfbox-app-2.0.21.jar PDFToImage -password 123 -imageType png -outputPrefix workloadAsImage -time ./workload/000753-locked.pdf
2636899,user,20,0,8658188,678796,41396,S,13,4.2,2:07.82,java -javaagent:/home/user/glowroot/glowroot.jar -jar ./pdfbox-app-2.0.21.jar PDFToImage -password 123 -imageType png -outputPrefix workloadAsImage -time ./workload/000753-locked.pdf
2636899,user,20,0,8658188,678796,41396,S,12.9,4.2,2:10.94,java -javaagent:/home/user/glowroot/glowroot.jar -jar ./pdfbox-app-2.0.21.jar PDFToImage -password 123 -imageType png -outputPrefix workloadAsImage -time ./workload/000753-locked.pdf
2636899,user,20,0,8658188,678796,41396,S,14.5,4.2,2:14.44,java -javaagent:/home/user/glowroot/glowroot.jar -jar ./pdfbox-app-2.0.21.jar PDFToImage -password 123 -imageType png -outputPrefix workloadAsImage -time ./workload/000753-locked.pdf
2636899,user,20,0,8658188,678796,41396,S,13.9,4.2,2:17.79,java -javaagent:/home/user/glowroot/glowroot.jar -jar ./pdfbox-app-2.0.21.jar PDFToImage -password 123 -imageType png -outputPrefix workloadAsImage -time ./workload/000753-locked.pdf
2636899,user,20,0,8658188,678796,41396,S,14,4.2,2:21.16,java -javaagent:/home/user/glowroot/glowroot.jar -jar ./pdfbox-app-2.0.21.jar PDFToImage -password 123 -imageType png -outputPrefix workloadAsImage -time ./workload/000753-locked.pdf
2636899,user,20,0,8658188,679028,41396,S,14.7,4.2,2:24.70,java -javaagent:/home/user/glowroot/glowroot.jar -jar ./pdfbox-app-2.0.21.jar PDFToImage -password 123 -imageType png -outputPrefix workloadAsImage -time ./workload/000753-locked.pdf
2636899,user,20,0,8658188,679028,41396,S,14.7,4.2,2:28.25,java -javaagent:/home/user/glowroot/glowroot.jar -jar ./pdfbox-app-2.0.21.jar PDFToImage -password 123 -imageType png -outputPrefix workloadAsImage -time ./workload/000753-locked.pdf
2636899,user,20,0,8660236,679028,41396,S,14.6,4.2,2:31.77,java -javaagent:/home/user/glowroot/glowroot.jar -jar ./pdfbox-app-2.0.21.jar PDFToImage -password 123 -imageType png -outputPrefix workloadAsImage -time ./workload/000753-locked.pdf
2636899,user,20,0,8660236,679028,41396,S,14.3,4.2,2:35.21,java -javaagent:/home/user/glowroot/glowroot.jar -jar ./pdfbox-app-2.0.21.jar PDFToImage -password 123 -imageType png -outputPrefix workloadAsImage -time ./workload/000753-locked.pdf
2636899,user,20,0,8660236,679028,41396,S,14.1,4.2,2:38.61,java -javaagent:/home/user/glowroot/glowroot.jar -jar ./pdfbox-app-2.0.21.jar PDFToImage -password 123 -imageType png -outputPrefix workloadAsImage -time ./workload/000753-locked.pdf
2636899,user,20,0,8660236,679028,41396,S,14.1,4.2,2:42.01,java -javaagent:/home/user/glowroot/glowroot.jar -jar ./pdfbox-app-2.0.21.jar PDFToImage -password 123 -imageType png -outputPrefix workloadAsImage -time ./workload/000753-locked.pdf
2636899,user,20,0,8660236,679028,41396,S,14.7,4.2,2:45.56,java -javaagent:/home/user/glowroot/glowroot.jar -jar ./pdfbox-app-2.0.21.jar PDFToImage -password 123 -imageType png -outputPrefix workloadAsImage -time ./workload/000753-locked.pdf
2636899,user,20,0,8660236,679028,41396,S,14.5,4.2,2:49.06,java -javaagent:/home/user/glowroot/glowroot.jar -jar ./pdfbox-app-2.0.21.jar PDFToImage -password 123 -imageType png -outputPrefix workloadAsImage -time ./workload/000753-locked.pdf
2636899,user,20,0,8660236,679028,41396,S,13.4,4.2,2:52.29,java -javaagent:/home/user/glowroot/glowroot.jar -jar ./pdfbox-app-2.0.21.jar PDFToImage -password 123 -imageType png -outputPrefix workloadAsImage -time ./workload/000753-locked.pdf
2636899,user,20,0,8660236,679272,41396,S,13.1,4.2,2:55.46,java -javaagent:/home/user/glowroot/glowroot.jar -jar ./pdfbox-app-2.0.21.jar PDFToImage -password 123 -imageType png -outputPrefix workloadAsImage -time ./workload/000753-locked.pdf
2636899,user,20,0,8660236,679272,41396,S,13,4.2,2:58.58,java -javaagent:/home/user/glowroot/glowroot.jar -jar ./pdfbox-app-2.0.21.jar PDFToImage -password 123 -imageType png -outputPrefix workloadAsImage -time ./workload/000753-locked.pdf
2636899,user,20,0,8660236,679272,41396,S,13.3,4.2,3:01.78,java -javaagent:/home/user/glowroot/glowroot.jar -jar ./pdfbox-app-2.0.21.jar PDFToImage -password 123 -imageType png -outputPrefix workloadAsImage -time ./workload/000753-locked.pdf
2636899,user,20,0,8660236,679272,41396,S,13,4.2,3:04.92,java -javaagent:/home/user/glowroot/glowroot.jar -jar ./pdfbox-app-2.0.21.jar PDFToImage -password 123 -imageType png -outputPrefix workloadAsImage -time ./workload/000753-locked.pdf
2636899,user,20,0,8660236,679272,41396,S,13.2,4.2,3:08.10,java -javaagent:/home/user/glowroot/glowroot.jar -jar ./pdfbox-app-2.0.21.jar PDFToImage -password 123 -imageType png -outputPrefix workloadAsImage -time ./workload/000753-locked.pdf
2636899,user,20,0,8660236,679272,41396,S,13,4.2,3:11.22,java -javaagent:/home/user/glowroot/glowroot.jar -jar ./pdfbox-app-2.0.21.jar PDFToImage -password 123 -imageType png -outputPrefix workloadAsImage -time ./workload/000753-locked.pdf
2637056,user,20,0,8259996,266920,27828,S,48,1.6,0:11.68,java -javaagent:/home/user/glowroot/glowroot.jar -jar ./pdfbox-app-2.0.21.jar TextToPDF -standardFont Helvetica-BoldOblique -fontSize 18 ./workload/000753-from-txt.pdf ./workload/000753-from-pdf.txt
2637056,user,20,0,8331588,526420,29948,S,48.3,3.2,0:23.35,java -javaagent:/home/user/glowroot/glowroot.jar -jar ./pdfbox-app-2.0.21.jar TextToPDF -standardFont Helvetica-BoldOblique -fontSize 18 ./workload/000753-from-txt.pdf ./workload/000753-from-pdf.txt
2637112,user,20,0,7380212,193104,21308,S,25.5,1.2,0:06.13,java -javaagent:/home/user/glowroot/glowroot.jar -jar ./pdfbox-app-2.0.21.jar PDFSplit -password 123 -split 1 ./workload/000753-locked.pdf
2637112,user,20,0,8481856,461648,33512,S,56.2,2.8,0:19.70,java -javaagent:/home/user/glowroot/glowroot.jar -jar ./pdfbox-app-2.0.21.jar PDFSplit -password 123 -split 1 ./workload/000753-locked.pdf
2637167,user,20,0,8049952,210432,26724,S,33.5,1.3,0:08.06,java -javaagent:/home/user/glowroot/glowroot.jar -jar ./pdfbox-app-2.0.21.jar PDFMerger ./workload/000753-locked-1.pdf ./workload/000753-locked-2.pdf ./workload/000753-locked-3.pdf ./workload/000753-merged.pdf
2637167,user,20,0,8876860,453452,32588,S,50,2.8,0:20.14,java -javaagent:/home/user/glowroot/glowroot.jar -jar ./pdfbox-app-2.0.21.jar PDFMerger ./workload/000753-locked-1.pdf ./workload/000753-locked-2.pdf ./workload/000753-locked-3.pdf ./workload/000753-merged.pdf
2637218,user,20,0,8344344,341820,32744,S,42.1,2.1,0:10.20,java -javaagent:/home/user/glowroot/glowroot.jar -jar ./pdfbox-app-2.0.21.jar WriteDecodedDoc -password 123 ./workload/000753-locked.pdf ./workload/000753-decoded.pdf
2637270,user,20,0,7449856,177528,23548,S,21.6,1.1,0:05.22,java -javaagent:/home/user/glowroot/glowroot.jar -jar ./pdfbox-app-2.0.21.jar OverlayPDF ./workload/000753.pdf ./workload/000142.pdf -position foreground ./workload/000753-overlaid.pdf
2637319,user,20,0,6766424,56056,20416,S,2.3,0.3,0:00.55,java -javaagent:/home/user/glowroot/glowroot.jar -jar ./pdfbox-app-2.0.21.jar Encrypt -O 123 -U 123 ./workload/000809.pdf ./workload/000809-locked.pdf
2637319,user,20,0,8347648,368440,32484,S,44.8,2.3,0:11.37,java -javaagent:/home/user/glowroot/glowroot.jar -jar ./pdfbox-app-2.0.21.jar Encrypt -O 123 -U 123 ./workload/000809.pdf ./workload/000809-locked.pdf
2637368,user,20,0,8187176,224568,27664,S,31.5,1.4,0:07.62,java -javaagent:/home/user/glowroot/glowroot.jar -jar ./pdfbox-app-2.0.21.jar Decrypt -password 123 ./workload/000809-locked.pdf ./workload/000809-unlocked.pdf
2637418,user,20,0,8118564,210448,27592,S,26.9,1.3,0:06.48,java -javaagent:/home/user/glowroot/glowroot.jar -jar ./pdfbox-app-2.0.21.jar ExtractText -password 123 -sort ./workload/000809-locked.pdf ./workload/000809-from-pdf.txt
2637467,user,20,0,8193056,245352,27792,S,30.9,1.5,0:07.45,java -javaagent:/home/user/glowroot/glowroot.jar -jar ./pdfbox-app-2.0.21.jar ExtractImages -password 123 -directJPEG ./workload/000809-locked.pdf
2637515,user,20,0,8187176,241156,27600,S,33,1.5,0:07.97,java -javaagent:/home/user/glowroot/glowroot.jar -jar ./pdfbox-app-2.0.21.jar PDFToImage -password 123 -imageType png -outputPrefix workloadAsImage -time ./workload/000809-locked.pdf
2637572,user,20,0,7717132,196976,26468,S,24.9,1.2,0:06.02,java -javaagent:/home/user/glowroot/glowroot.jar -jar ./pdfbox-app-2.0.21.jar TextToPDF -standardFont Helvetica-BoldOblique -fontSize 18 ./workload/000809-from-txt.pdf ./workload/000809-from-pdf.txt
2637572,user,20,0,8330560,489088,29984,S,41.7,3,0:16.10,java -javaagent:/home/user/glowroot/glowroot.jar -jar ./pdfbox-app-2.0.21.jar TextToPDF -standardFont Helvetica-BoldOblique -fontSize 18 ./workload/000809-from-txt.pdf ./workload/000809-from-pdf.txt
2637623,user,20,0,7313644,201236,21172,S,19,1.2,0:04.60,java -javaagent:/home/user/glowroot/glowroot.jar -jar ./pdfbox-app-2.0.21.jar PDFSplit -password 123 -split 1 ./workload/000809-locked.pdf
2637672,user,20,0,7312832,125608,21088,S,11.4,0.8,0:02.74,java -javaagent:/home/user/glowroot/glowroot.jar -jar ./pdfbox-app-2.0.21.jar PDFMerger ./workload/000809-locked-*.pdf ./workload/000809-merged.pdf
2637725,user,20,0,7311584,103936,20740,S,8,0.6,0:01.93,java -javaagent:/home/user/glowroot/glowroot.jar -jar ./pdfbox-app-2.0.21.jar WriteDecodedDoc -password 123 ./workload/000809-locked.pdf ./workload/000809-decoded.pdf
2637774,user,20,0,6843276,74572,20400,S,5.7,0.5,0:01.37,java -javaagent:/home/user/glowroot/glowroot.jar -jar ./pdfbox-app-2.0.21.jar OverlayPDF ./workload/000809.pdf ./workload/000142.pdf -position foreground ./workload/000809-overlaid.pdf
2637774,user,20,0,8410908,379648,32612,S,56.8,2.3,0:15.09,java -javaagent:/home/user/glowroot/glowroot.jar -jar ./pdfbox-app-2.0.21.jar OverlayPDF ./workload/000809.pdf ./workload/000142.pdf -position foreground ./workload/000809-overlaid.pdf
2637825,user,20,0,7515392,188216,23272,S,29.4,1.2,0:07.09,java -javaagent:/home/user/glowroot/glowroot.jar -jar ./pdfbox-app-2.0.21.jar Encrypt -O 123 -U 123 ./workload/000810.pdf ./workload/000810-locked.pdf
2637876,user,20,0,6692692,31832,18220,S,0.5,0.2,0:00.13,java -javaagent:/home/user/glowroot/glowroot.jar -jar ./pdfbox-app-2.0.21.jar Decrypt -password 123 ./workload/000810-locked.pdf ./workload/000810-unlocked.pdf
2637876,user,20,0,8271620,310188,30648,S,51.7,1.9,0:12.62,java -javaagent:/home/user/glowroot/glowroot.jar -jar ./pdfbox-app-2.0.21.jar Decrypt -password 123 ./workload/000810-locked.pdf ./workload/000810-unlocked.pdf
2637927,user,20,0,7248108,177036,21340,S,17.4,1.1,0:04.20,java -javaagent:/home/user/glowroot/glowroot.jar -jar ./pdfbox-app-2.0.21.jar ExtractText -password 123 -sort ./workload/000810-locked.pdf ./workload/000810-from-pdf.txt
2637927,user,20,0,8282156,389612,33672,S,45.2,2.4,0:15.08,java -javaagent:/home/user/glowroot/glowroot.jar -jar ./pdfbox-app-2.0.21.jar ExtractText -password 123 -sort ./workload/000810-locked.pdf ./workload/000810-from-pdf.txt
2637927,user,20,0,8285236,511892,33708,S,43.2,3.1,0:25.55,java -javaagent:/home/user/glowroot/glowroot.jar -jar ./pdfbox-app-2.0.21.jar ExtractText -password 123 -sort ./workload/000810-locked.pdf ./workload/000810-from-pdf.txt
2638017,user,20,0,6843276,71620,20360,S,5,0.4,0:01.21,java -javaagent:/home/user/glowroot/glowroot.jar -jar ./pdfbox-app-2.0.21.jar ExtractImages -password 123 -directJPEG ./workload/000810-locked.pdf
2638017,user,20,0,8342296,304536,31996,S,45,1.9,0:12.05,java -javaagent:/home/user/glowroot/glowroot.jar -jar ./pdfbox-app-2.0.21.jar ExtractImages -password 123 -directJPEG ./workload/000810-locked.pdf
2638017,user,20,0,8351804,541288,33984,S,42.9,3.3,0:22.42,java -javaagent:/home/user/glowroot/glowroot.jar -jar ./pdfbox-app-2.0.21.jar ExtractImages -password 123 -directJPEG ./workload/000810-locked.pdf
2638017,user,20,0,8418372,545988,33984,S,45.4,3.4,0:33.40,java -javaagent:/home/user/glowroot/glowroot.jar -jar ./pdfbox-app-2.0.21.jar ExtractImages -password 123 -directJPEG ./workload/000810-locked.pdf
2638017,user,20,0,8420420,608356,34108,S,36.3,3.7,0:42.16,java -javaagent:/home/user/glowroot/glowroot.jar -jar ./pdfbox-app-2.0.21.jar ExtractImages -password 123 -directJPEG ./workload/000810-locked.pdf
2638112,user,20,0,8051996,233452,26676,S,37.5,1.4,0:09.07,java -javaagent:/home/user/glowroot/glowroot.jar -jar ./pdfbox-app-2.0.21.jar PDFToImage -password 123 -imageType png -outputPrefix workloadAsImage -time ./workload/000810-locked.pdf
2638112,user,20,0,8650772,496076,39284,S,51.5,3,0:21.51,java -javaagent:/home/user/glowroot/glowroot.jar -jar ./pdfbox-app-2.0.21.jar PDFToImage -password 123 -imageType png -outputPrefix workloadAsImage -time ./workload/000810-locked.pdf
2638112,user,20,0,8652820,579120,39348,S,43.3,3.6,0:31.97,java -javaagent:/home/user/glowroot/glowroot.jar -jar ./pdfbox-app-2.0.21.jar PDFToImage -password 123 -imageType png -outputPrefix workloadAsImage -time ./workload/000810-locked.pdf
2638112,user,20,0,8655900,585324,39348,S,33.8,3.6,0:40.13,java -javaagent:/home/user/glowroot/glowroot.jar -jar ./pdfbox-app-2.0.21.jar PDFToImage -password 123 -imageType png -outputPrefix workloadAsImage -time ./workload/000810-locked.pdf
2638112,user,20,0,8655900,579936,39348,S,20.7,3.6,0:45.11,java -javaagent:/home/user/glowroot/glowroot.jar -jar ./pdfbox-app-2.0.21.jar PDFToImage -password 123 -imageType png -outputPrefix workloadAsImage -time ./workload/000810-locked.pdf
2638112,user,20,0,8655900,581120,39348,S,17.9,3.6,0:49.43,java -javaagent:/home/user/glowroot/glowroot.jar -jar ./pdfbox-app-2.0.21.jar PDFToImage -password 123 -imageType png -outputPrefix workloadAsImage -time ./workload/000810-locked.pdf
2638112,user,20,0,8655900,581516,39348,S,18.2,3.6,0:53.82,java -javaagent:/home/user/glowroot/glowroot.jar -jar ./pdfbox-app-2.0.21.jar PDFToImage -password 123 -imageType png -outputPrefix workloadAsImage -time ./workload/000810-locked.pdf
2638112,user,20,0,8655900,581672,39348,S,14.7,3.6,0:57.36,java -javaagent:/home/user/glowroot/glowroot.jar -jar ./pdfbox-app-2.0.21.jar PDFToImage -password 123 -imageType png -outputPrefix workloadAsImage -time ./workload/000810-locked.pdf
2638112,user,20,0,8655900,581800,39348,S,15.6,3.6,1:01.13,java -javaagent:/home/user/glowroot/glowroot.jar -jar ./pdfbox-app-2.0.21.jar PDFToImage -password 123 -imageType png -outputPrefix workloadAsImage -time ./workload/000810-locked.pdf
2638112,user,20,0,8655900,586848,39348,S,15.6,3.6,1:04.89,java -javaagent:/home/user/glowroot/glowroot.jar -jar ./pdfbox-app-2.0.21.jar PDFToImage -password 123 -imageType png -outputPrefix workloadAsImage -time ./workload/000810-locked.pdf
2638112,user,20,0,8655900,586956,39348,S,13.5,3.6,1:08.15,java -javaagent:/home/user/glowroot/glowroot.jar -jar ./pdfbox-app-2.0.21.jar PDFToImage -password 123 -imageType png -outputPrefix workloadAsImage -time ./workload/000810-locked.pdf
2638112,user,20,0,8655900,589192,39348,S,15.9,3.6,1:11.97,java -javaagent:/home/user/glowroot/glowroot.jar -jar ./pdfbox-app-2.0.21.jar PDFToImage -password 123 -imageType png -outputPrefix workloadAsImage -time ./workload/000810-locked.pdf
2638112,user,20,0,8655900,589608,39348,S,14.3,3.6,1:15.43,java -javaagent:/home/user/glowroot/glowroot.jar -jar ./pdfbox-app-2.0.21.jar PDFToImage -password 123 -imageType png -outputPrefix workloadAsImage -time ./workload/000810-locked.pdf
2638112,user,20,0,8655900,589608,39348,S,13.1,3.6,1:18.59,java -javaagent:/home/user/glowroot/glowroot.jar -jar ./pdfbox-app-2.0.21.jar PDFToImage -password 123 -imageType png -outputPrefix workloadAsImage -time ./workload/000810-locked.pdf
2638112,user,20,0,8655900,589608,39348,S,13.3,3.6,1:21.80,java -javaagent:/home/user/glowroot/glowroot.jar -jar ./pdfbox-app-2.0.21.jar PDFToImage -password 123 -imageType png -outputPrefix workloadAsImage -time ./workload/000810-locked.pdf
2638112,user,20,0,8655900,589872,39348,S,14.1,3.6,1:25.20,java -javaagent:/home/user/glowroot/glowroot.jar -jar ./pdfbox-app-2.0.21.jar PDFToImage -password 123 -imageType png -outputPrefix workloadAsImage -time ./workload/000810-locked.pdf
2638112,user,20,0,8655900,590128,39348,S,13.2,3.6,1:28.39,java -javaagent:/home/user/glowroot/glowroot.jar -jar ./pdfbox-app-2.0.21.jar PDFToImage -password 123 -imageType png -outputPrefix workloadAsImage -time ./workload/000810-locked.pdf
2638112,user,20,0,8655900,590128,39348,S,14.3,3.6,1:31.83,java -javaagent:/home/user/glowroot/glowroot.jar -jar ./pdfbox-app-2.0.21.jar PDFToImage -password 123 -imageType png -outputPrefix workloadAsImage -time ./workload/000810-locked.pdf
2638112,user,20,0,8655900,590188,39348,S,14.6,3.6,1:35.34,java -javaagent:/home/user/glowroot/glowroot.jar -jar ./pdfbox-app-2.0.21.jar PDFToImage -password 123 -imageType png -outputPrefix workloadAsImage -time ./workload/000810-locked.pdf
2638112,user,20,0,8655900,590916,39348,S,14.4,3.6,1:38.81,java -javaagent:/home/user/glowroot/glowroot.jar -jar ./pdfbox-app-2.0.21.jar PDFToImage -password 123 -imageType png -outputPrefix workloadAsImage -time ./workload/000810-locked.pdf
2638112,user,20,0,8655900,591908,39348,S,15.4,3.6,1:42.52,java -javaagent:/home/user/glowroot/glowroot.jar -jar ./pdfbox-app-2.0.21.jar PDFToImage -password 123 -imageType png -outputPrefix workloadAsImage -time ./workload/000810-locked.pdf
2638112,user,20,0,8655900,592052,39348,S,14.8,3.6,1:46.09,java -javaagent:/home/user/glowroot/glowroot.jar -jar ./pdfbox-app-2.0.21.jar PDFToImage -password 123 -imageType png -outputPrefix workloadAsImage -time ./workload/000810-locked.pdf
2638112,user,20,0,8655900,592264,39348,S,14.7,3.6,1:49.64,java -javaagent:/home/user/glowroot/glowroot.jar -jar ./pdfbox-app-2.0.21.jar PDFToImage -password 123 -imageType png -outputPrefix workloadAsImage -time ./workload/000810-locked.pdf
2638112,user,20,0,8655900,592408,39348,S,14,3.6,1:53.00,java -javaagent:/home/user/glowroot/glowroot.jar -jar ./pdfbox-app-2.0.21.jar PDFToImage -password 123 -imageType png -outputPrefix workloadAsImage -time ./workload/000810-locked.pdf
2638112,user,20,0,8655900,594976,39348,S,17.5,3.7,1:57.22,java -javaagent:/home/user/glowroot/glowroot.jar -jar ./pdfbox-app-2.0.21.jar PDFToImage -password 123 -imageType png -outputPrefix workloadAsImage -time ./workload/000810-locked.pdf
2638112,user,20,0,8658188,598900,40084,S,15.7,3.7,2:01.01,java -javaagent:/home/user/glowroot/glowroot.jar -jar ./pdfbox-app-2.0.21.jar PDFToImage -password 123 -imageType png -outputPrefix workloadAsImage -time ./workload/000810-locked.pdf
2638112,user,20,0,8658188,598976,40084,S,12.9,3.7,2:04.12,java -javaagent:/home/user/glowroot/glowroot.jar -jar ./pdfbox-app-2.0.21.jar PDFToImage -password 123 -imageType png -outputPrefix workloadAsImage -time ./workload/000810-locked.pdf
2638112,user,20,0,8658188,599056,40084,S,13.6,3.7,2:07.39,java -javaagent:/home/user/glowroot/glowroot.jar -jar ./pdfbox-app-2.0.21.jar PDFToImage -password 123 -imageType png -outputPrefix workloadAsImage -time ./workload/000810-locked.pdf
2638112,user,20,0,8658188,599056,40084,S,13.8,3.7,2:10.71,java -javaagent:/home/user/glowroot/glowroot.jar -jar ./pdfbox-app-2.0.21.jar PDFToImage -password 123 -imageType png -outputPrefix workloadAsImage -time ./workload/000810-locked.pdf
2638112,user,20,0,8658188,599216,40084,S,13.2,3.7,2:13.91,java -javaagent:/home/user/glowroot/glowroot.jar -jar ./pdfbox-app-2.0.21.jar PDFToImage -password 123 -imageType png -outputPrefix workloadAsImage -time ./workload/000810-locked.pdf
2638112,user,20,0,8658188,599216,40084,S,13,3.7,2:17.04,java -javaagent:/home/user/glowroot/glowroot.jar -jar ./pdfbox-app-2.0.21.jar PDFToImage -password 123 -imageType png -outputPrefix workloadAsImage -time ./workload/000810-locked.pdf
2638204,user,20,0,6841228,63900,20504,S,2.9,0.4,0:00.69,java -javaagent:/home/user/glowroot/glowroot.jar -jar ./pdfbox-app-2.0.21.jar TextToPDF -standardFont Helvetica-BoldOblique -fontSize 18 ./workload/000810-from-txt.pdf ./workload/000810-from-pdf.txt
2638204,user,20,0,8330556,364024,29908,S,55.1,2.2,0:14.00,java -javaagent:/home/user/glowroot/glowroot.jar -jar ./pdfbox-app-2.0.21.jar TextToPDF -standardFont Helvetica-BoldOblique -fontSize 18 ./workload/000810-from-txt.pdf ./workload/000810-from-pdf.txt
2638204,user,20,0,8745780,518796,32556,S,32.4,3.2,0:21.79,java -javaagent:/home/user/glowroot/glowroot.jar -jar ./pdfbox-app-2.0.21.jar TextToPDF -standardFont Helvetica-BoldOblique -fontSize 18 ./workload/000810-from-txt.pdf ./workload/000810-from-pdf.txt
2638259,user,20,0,8275728,298600,31616,S,37,1.8,0:08.91,java -javaagent:/home/user/glowroot/glowroot.jar -jar ./pdfbox-app-2.0.21.jar PDFSplit -password 123 -split 1 ./workload/000810-locked.pdf
2638308,user,20,0,7448828,189616,22364,S,19.9,1.2,0:04.81,java -javaagent:/home/user/glowroot/glowroot.jar -jar ./pdfbox-app-2.0.21.jar PDFMerger ./workload/000810-locked-1.pdf ./workload/000810-merged.pdf
2638355,user,20,0,7923316,211404,27024,S,24.5,1.3,0:05.91,java -javaagent:/home/user/glowroot/glowroot.jar -jar ./pdfbox-app-2.0.21.jar WriteDecodedDoc -password 123 ./workload/000810-locked.pdf ./workload/000810-decoded.pdf
2638405,user,20,0,7179492,166904,21100,S,14.2,1,0:03.43,java -javaagent:/home/user/glowroot/glowroot.jar -jar ./pdfbox-app-2.0.21.jar OverlayPDF ./workload/000810.pdf ./workload/000142.pdf -position foreground ./workload/000810-overlaid.pdf
2638455,user,20,0,6626128,26960,17372,S,0.1,0.2,0:00.03,java -javaagent:/home/user/glowroot/glowroot.jar -jar ./pdfbox-app-2.0.21.jar Encrypt -O 123 -U 123 ./workload/000817.pdf ./workload/000817-locked.pdf
2638455,user,20,0,8277776,301792,32560,S,43.3,1.9,0:10.50,java -javaagent:/home/user/glowroot/glowroot.jar -jar ./pdfbox-app-2.0.21.jar Encrypt -O 123 -U 123 ./workload/000817.pdf ./workload/000817-locked.pdf
2638503,user,20,0,7717132,198024,26528,S,22.3,1.2,0:05.38,java -javaagent:/home/user/glowroot/glowroot.jar -jar ./pdfbox-app-2.0.21.jar Decrypt -password 123 ./workload/000817-locked.pdf ./workload/000817-unlocked.pdf
2638583,user,20,0,7246048,97808,21028,S,6.6,0.6,0:01.60,java -javaagent:/home/user/glowroot/glowroot.jar -jar ./pdfbox-app-2.0.21.jar ExtractText -password 123 -sort ./workload/000817-locked.pdf ./workload/000817-from-pdf.txt
2638583,user,20,0,8348724,429728,34048,S,43.8,2.6,0:12.18,java -javaagent:/home/user/glowroot/glowroot.jar -jar ./pdfbox-app-2.0.21.jar ExtractText -password 123 -sort ./workload/000817-locked.pdf ./workload/000817-from-pdf.txt
2638583,user,20,0,8351804,490216,34336,S,51.6,3,0:24.60,java -javaagent:/home/user/glowroot/glowroot.jar -jar ./pdfbox-app-2.0.21.jar ExtractText -password 123 -sort ./workload/000817-locked.pdf ./workload/000817-from-pdf.txt
2638638,user,20,0,8187176,231080,27708,S,30.7,1.4,0:07.41,java -javaagent:/home/user/glowroot/glowroot.jar -jar ./pdfbox-app-2.0.21.jar ExtractImages -password 123 -directJPEG ./workload/000817-locked.pdf
2638638,user,20,0,8417340,393168,34060,S,50.4,2.4,0:19.54,java -javaagent:/home/user/glowroot/glowroot.jar -jar ./pdfbox-app-2.0.21.jar ExtractImages -password 123 -directJPEG ./workload/000817-locked.pdf
2638638,user,20,0,8418372,467228,34184,S,34.6,2.9,0:27.89,java -javaagent:/home/user/glowroot/glowroot.jar -jar ./pdfbox-app-2.0.21.jar ExtractImages -password 123 -directJPEG ./workload/000817-locked.pdf
2638638,user,20,0,8418372,469080,34184,S,20,2.9,0:32.72,java -javaagent:/home/user/glowroot/glowroot.jar -jar ./pdfbox-app-2.0.21.jar ExtractImages -password 123 -directJPEG ./workload/000817-locked.pdf
2638689,user,20,0,7181540,171100,20968,S,14.7,1.1,0:03.54,java -javaagent:/home/user/glowroot/glowroot.jar -jar ./pdfbox-app-2.0.21.jar PDFToImage -password 123 -imageType png -outputPrefix workloadAsImage -time ./workload/000817-locked.pdf
2638689,user,20,0,8521268,361740,39544,S,43.3,2.2,0:13.99,java -javaagent:/home/user/glowroot/glowroot.jar -jar ./pdfbox-app-2.0.21.jar PDFToImage -password 123 -imageType png -outputPrefix workloadAsImage -time ./workload/000817-locked.pdf
2638689,user,20,0,8586256,479756,39900,S,43.3,2.9,0:24.45,java -javaagent:/home/user/glowroot/glowroot.jar -jar ./pdfbox-app-2.0.21.jar PDFToImage -password 123 -imageType png -outputPrefix workloadAsImage -time ./workload/000817-locked.pdf
2638689,user,20,0,8588304,535888,40020,S,26.5,3.3,0:30.83,java -javaagent:/home/user/glowroot/glowroot.jar -jar ./pdfbox-app-2.0.21.jar PDFToImage -password 123 -imageType png -outputPrefix workloadAsImage -time ./workload/000817-locked.pdf
2638689,user,20,0,8588304,539140,40080,S,23,3.3,0:36.38,java -javaagent:/home/user/glowroot/glowroot.jar -jar ./pdfbox-app-2.0.21.jar PDFToImage -password 123 -imageType png -outputPrefix workloadAsImage -time ./workload/000817-locked.pdf
2638689,user,20,0,8588304,540204,40080,S,19.1,3.3,0:40.97,java -javaagent:/home/user/glowroot/glowroot.jar -jar ./pdfbox-app-2.0.21.jar PDFToImage -password 123 -imageType png -outputPrefix workloadAsImage -time ./workload/000817-locked.pdf
2638689,user,20,0,8588304,541484,40080,S,21.8,3.3,0:46.23,java -javaagent:/home/user/glowroot/glowroot.jar -jar ./pdfbox-app-2.0.21.jar PDFToImage -password 123 -imageType png -outputPrefix workloadAsImage -time ./workload/000817-locked.pdf
2638689,user,20,0,8588304,556508,40080,S,14.7,3.4,0:49.77,java -javaagent:/home/user/glowroot/glowroot.jar -jar ./pdfbox-app-2.0.21.jar PDFToImage -password 123 -imageType png -outputPrefix workloadAsImage -time ./workload/000817-locked.pdf
2638689,user,20,0,8588304,556968,40080,S,16,3.4,0:53.63,java -javaagent:/home/user/glowroot/glowroot.jar -jar ./pdfbox-app-2.0.21.jar PDFToImage -password 123 -imageType png -outputPrefix workloadAsImage -time ./workload/000817-locked.pdf
2638689,user,20,0,8588304,557024,40080,S,14.4,3.4,0:57.10,java -javaagent:/home/user/glowroot/glowroot.jar -jar ./pdfbox-app-2.0.21.jar PDFToImage -password 123 -imageType png -outputPrefix workloadAsImage -time ./workload/000817-locked.pdf
2638689,user,20,0,8588304,557128,40080,S,13.5,3.4,1:00.36,java -javaagent:/home/user/glowroot/glowroot.jar -jar ./pdfbox-app-2.0.21.jar PDFToImage -password 123 -imageType png -outputPrefix workloadAsImage -time ./workload/000817-locked.pdf
2638689,user,20,0,8588304,558088,40080,S,16.3,3.4,1:04.30,java -javaagent:/home/user/glowroot/glowroot.jar -jar ./pdfbox-app-2.0.21.jar PDFToImage -password 123 -imageType png -outputPrefix workloadAsImage -time ./workload/000817-locked.pdf
2638689,user,20,0,8588304,559164,40080,S,16.9,3.4,1:08.36,java -javaagent:/home/user/glowroot/glowroot.jar -jar ./pdfbox-app-2.0.21.jar PDFToImage -password 123 -imageType png -outputPrefix workloadAsImage -time ./workload/000817-locked.pdf
2638689,user,20,0,8588304,559300,40080,S,16.9,3.4,1:12.44,java -javaagent:/home/user/glowroot/glowroot.jar -jar ./pdfbox-app-2.0.21.jar PDFToImage -password 123 -imageType png -outputPrefix workloadAsImage -time ./workload/000817-locked.pdf
2638689,user,20,0,8588304,559620,40080,S,17.3,3.4,1:16.62,java -javaagent:/home/user/glowroot/glowroot.jar -jar ./pdfbox-app-2.0.21.jar PDFToImage -password 123 -imageType png -outputPrefix workloadAsImage -time ./workload/000817-locked.pdf
2638689,user,20,0,8588304,559704,40080,S,13.5,3.4,1:19.88,java -javaagent:/home/user/glowroot/glowroot.jar -jar ./pdfbox-app-2.0.21.jar PDFToImage -password 123 -imageType png -outputPrefix workloadAsImage -time ./workload/000817-locked.pdf
2638689,user,20,0,8588304,559704,40080,S,13.3,3.4,1:23.08,java -javaagent:/home/user/glowroot/glowroot.jar -jar ./pdfbox-app-2.0.21.jar PDFToImage -password 123 -imageType png -outputPrefix workloadAsImage -time ./workload/000817-locked.pdf
2638689,user,20,0,8588304,559704,40080,S,13.7,3.4,1:26.39,java -javaagent:/home/user/glowroot/glowroot.jar -jar ./pdfbox-app-2.0.21.jar PDFToImage -password 123 -imageType png -outputPrefix workloadAsImage -time ./workload/000817-locked.pdf
2638689,user,20,0,8588304,559736,40080,S,15,3.4,1:29.99,java -javaagent:/home/user/glowroot/glowroot.jar -jar ./pdfbox-app-2.0.21.jar PDFToImage -password 123 -imageType png -outputPrefix workloadAsImage -time ./workload/000817-locked.pdf
2638689,user,20,0,8588304,561824,40524,S,15,3.5,1:33.60,java -javaagent:/home/user/glowroot/glowroot.jar -jar ./pdfbox-app-2.0.21.jar PDFToImage -password 123 -imageType png -outputPrefix workloadAsImage -time ./workload/000817-locked.pdf
2638689,user,20,0,8588304,561824,40524,S,13.1,3.5,1:36.76,java -javaagent:/home/user/glowroot/glowroot.jar -jar ./pdfbox-app-2.0.21.jar PDFToImage -password 123 -imageType png -outputPrefix workloadAsImage -time ./workload/000817-locked.pdf
2638689,user,20,0,8588304,561824,40524,S,13,3.5,1:39.88,java -javaagent:/home/user/glowroot/glowroot.jar -jar ./pdfbox-app-2.0.21.jar PDFToImage -password 123 -imageType png -outputPrefix workloadAsImage -time ./workload/000817-locked.pdf
2638689,user,20,0,8588304,561824,40524,S,12.9,3.5,1:43.00,java -javaagent:/home/user/glowroot/glowroot.jar -jar ./pdfbox-app-2.0.21.jar PDFToImage -password 123 -imageType png -outputPrefix workloadAsImage -time ./workload/000817-locked.pdf
2638689,user,20,0,8588304,562208,40524,S,13.7,3.5,1:46.30,java -javaagent:/home/user/glowroot/glowroot.jar -jar ./pdfbox-app-2.0.21.jar PDFToImage -password 123 -imageType png -outputPrefix workloadAsImage -time ./workload/000817-locked.pdf
2638689,user,20,0,8588304,562208,40524,S,13,3.5,1:49.43,java -javaagent:/home/user/glowroot/glowroot.jar -jar ./pdfbox-app-2.0.21.jar PDFToImage -password 123 -imageType png -outputPrefix workloadAsImage -time ./workload/000817-locked.pdf
2638689,user,20,0,8588304,562208,40524,S,12.9,3.5,1:52.53,java -javaagent:/home/user/glowroot/glowroot.jar -jar ./pdfbox-app-2.0.21.jar PDFToImage -password 123 -imageType png -outputPrefix workloadAsImage -time ./workload/000817-locked.pdf
2638689,user,20,0,8588304,562392,40524,S,12.6,3.5,1:55.57,java -javaagent:/home/user/glowroot/glowroot.jar -jar ./pdfbox-app-2.0.21.jar PDFToImage -password 123 -imageType png -outputPrefix workloadAsImage -time ./workload/000817-locked.pdf
2638689,user,20,0,8588304,562392,40524,S,13.2,3.5,1:58.75,java -javaagent:/home/user/glowroot/glowroot.jar -jar ./pdfbox-app-2.0.21.jar PDFToImage -password 123 -imageType png -outputPrefix workloadAsImage -time ./workload/000817-locked.pdf
2638689,user,20,0,8588304,562460,40524,S,12.9,3.5,2:01.86,java -javaagent:/home/user/glowroot/glowroot.jar -jar ./pdfbox-app-2.0.21.jar PDFToImage -password 123 -imageType png -outputPrefix workloadAsImage -time ./workload/000817-locked.pdf
2638689,user,20,0,8588304,562512,40524,S,14,3.5,2:05.24,java -javaagent:/home/user/glowroot/glowroot.jar -jar ./pdfbox-app-2.0.21.jar PDFToImage -password 123 -imageType png -outputPrefix workloadAsImage -time ./workload/000817-locked.pdf
2638689,user,20,0,8588304,562608,40524,S,13,3.5,2:08.38,java -javaagent:/home/user/glowroot/glowroot.jar -jar ./pdfbox-app-2.0.21.jar PDFToImage -password 123 -imageType png -outputPrefix workloadAsImage -time ./workload/000817-locked.pdf
2638689,user,20,0,8588304,562608,40524,S,12.9,3.5,2:11.48,java -javaagent:/home/user/glowroot/glowroot.jar -jar ./pdfbox-app-2.0.21.jar PDFToImage -password 123 -imageType png -outputPrefix workloadAsImage -time ./workload/000817-locked.pdf
2638689,user,20,0,8588304,562824,40524,S,14.4,3.5,2:14.96,java -javaagent:/home/user/glowroot/glowroot.jar -jar ./pdfbox-app-2.0.21.jar PDFToImage -password 123 -imageType png -outputPrefix workloadAsImage -time ./workload/000817-locked.pdf
2638689,user,20,0,8588304,562824,40524,S,12.8,3.5,2:18.04,java -javaagent:/home/user/glowroot/glowroot.jar -jar ./pdfbox-app-2.0.21.jar PDFToImage -password 123 -imageType png -outputPrefix workloadAsImage -time ./workload/000817-locked.pdf
2638689,user,20,0,8588304,563716,40524,S,13.1,3.5,2:21.19,java -javaagent:/home/user/glowroot/glowroot.jar -jar ./pdfbox-app-2.0.21.jar PDFToImage -password 123 -imageType png -outputPrefix workloadAsImage -time ./workload/000817-locked.pdf
2638689,user,20,0,8588304,563716,40524,S,12.9,3.5,2:24.29,java -javaagent:/home/user/glowroot/glowroot.jar -jar ./pdfbox-app-2.0.21.jar PDFToImage -password 123 -imageType png -outputPrefix workloadAsImage -time ./workload/000817-locked.pdf
2638689,user,20,0,8588304,563784,40524,S,13.2,3.5,2:27.48,java -javaagent:/home/user/glowroot/glowroot.jar -jar ./pdfbox-app-2.0.21.jar PDFToImage -password 123 -imageType png -outputPrefix workloadAsImage -time ./workload/000817-locked.pdf
2638689,user,20,0,8588304,565424,40524,S,13.1,3.5,2:30.65,java -javaagent:/home/user/glowroot/glowroot.jar -jar ./pdfbox-app-2.0.21.jar PDFToImage -password 123 -imageType png -outputPrefix workloadAsImage -time ./workload/000817-locked.pdf
2638689,user,20,0,8588304,565424,40524,S,13,3.5,2:33.77,java -javaagent:/home/user/glowroot/glowroot.jar -jar ./pdfbox-app-2.0.21.jar PDFToImage -password 123 -imageType png -outputPrefix workloadAsImage -time ./workload/000817-locked.pdf
2638689,user,20,0,8588304,565572,40524,S,13.6,3.5,2:37.04,java -javaagent:/home/user/glowroot/glowroot.jar -jar ./pdfbox-app-2.0.21.jar PDFToImage -password 123 -imageType png -outputPrefix workloadAsImage -time ./workload/000817-locked.pdf
2638689,user,20,0,8588304,565640,40524,S,13.6,3.5,2:40.31,java -javaagent:/home/user/glowroot/glowroot.jar -jar ./pdfbox-app-2.0.21.jar PDFToImage -password 123 -imageType png -outputPrefix workloadAsImage -time ./workload/000817-locked.pdf
2638689,user,20,0,8588304,566004,40524,S,13.7,3.5,2:43.61,java -javaagent:/home/user/glowroot/glowroot.jar -jar ./pdfbox-app-2.0.21.jar PDFToImage -password 123 -imageType png -outputPrefix workloadAsImage -time ./workload/000817-locked.pdf
2638689,user,20,0,8588304,566004,40524,S,12.9,3.5,2:46.72,java -javaagent:/home/user/glowroot/glowroot.jar -jar ./pdfbox-app-2.0.21.jar PDFToImage -password 123 -imageType png -outputPrefix workloadAsImage -time ./workload/000817-locked.pdf
2638689,user,20,0,8588304,566096,40524,S,12.9,3.5,2:49.83,java -javaagent:/home/user/glowroot/glowroot.jar -jar ./pdfbox-app-2.0.21.jar PDFToImage -password 123 -imageType png -outputPrefix workloadAsImage -time ./workload/000817-locked.pdf
2638689,user,20,0,8588304,566096,40524,S,12.7,3.5,2:52.90,java -javaagent:/home/user/glowroot/glowroot.jar -jar ./pdfbox-app-2.0.21.jar PDFToImage -password 123 -imageType png -outputPrefix workloadAsImage -time ./workload/000817-locked.pdf
2638689,user,20,0,8588304,573760,40524,S,12.9,3.5,2:56.00,java -javaagent:/home/user/glowroot/glowroot.jar -jar ./pdfbox-app-2.0.21.jar PDFToImage -password 123 -imageType png -outputPrefix workloadAsImage -time ./workload/000817-locked.pdf
2638689,user,20,0,8588304,573760,40524,S,13,3.5,2:59.12,java -javaagent:/home/user/glowroot/glowroot.jar -jar ./pdfbox-app-2.0.21.jar PDFToImage -password 123 -imageType png -outputPrefix workloadAsImage -time ./workload/000817-locked.pdf
2638689,user,20,0,8588304,573760,40524,S,12.9,3.5,3:02.24,java -javaagent:/home/user/glowroot/glowroot.jar -jar ./pdfbox-app-2.0.21.jar PDFToImage -password 123 -imageType png -outputPrefix workloadAsImage -time ./workload/000817-locked.pdf
2638689,user,20,0,8588304,574540,40524,S,14.4,3.5,3:05.71,java -javaagent:/home/user/glowroot/glowroot.jar -jar ./pdfbox-app-2.0.21.jar PDFToImage -password 123 -imageType png -outputPrefix workloadAsImage -time ./workload/000817-locked.pdf
2638689,user,20,0,8588304,574540,40524,S,12.9,3.5,3:08.81,java -javaagent:/home/user/glowroot/glowroot.jar -jar ./pdfbox-app-2.0.21.jar PDFToImage -password 123 -imageType png -outputPrefix workloadAsImage -time ./workload/000817-locked.pdf
2638689,user,20,0,8588304,574540,40524,S,12.9,3.5,3:11.92,java -javaagent:/home/user/glowroot/glowroot.jar -jar ./pdfbox-app-2.0.21.jar PDFToImage -password 123 -imageType png -outputPrefix workloadAsImage -time ./workload/000817-locked.pdf
2638689,user,20,0,8588304,576064,40524,S,16.6,3.5,3:15.93,java -javaagent:/home/user/glowroot/glowroot.jar -jar ./pdfbox-app-2.0.21.jar PDFToImage -password 123 -imageType png -outputPrefix workloadAsImage -time ./workload/000817-locked.pdf
2638689,user,20,0,8590352,577320,40524,S,13.2,3.5,3:19.11,java -javaagent:/home/user/glowroot/glowroot.jar -jar ./pdfbox-app-2.0.21.jar PDFToImage -password 123 -imageType png -outputPrefix workloadAsImage -time ./workload/000817-locked.pdf
2638689,user,20,0,8590352,577320,40524,S,12.7,3.5,3:22.18,java -javaagent:/home/user/glowroot/glowroot.jar -jar ./pdfbox-app-2.0.21.jar PDFToImage -password 123 -imageType png -outputPrefix workloadAsImage -time ./workload/000817-locked.pdf
2638689,user,20,0,8590352,586224,40524,S,12.9,3.6,3:25.29,java -javaagent:/home/user/glowroot/glowroot.jar -jar ./pdfbox-app-2.0.21.jar PDFToImage -password 123 -imageType png -outputPrefix workloadAsImage -time ./workload/000817-locked.pdf
2638689,user,20,0,8590352,586224,40524,S,12.8,3.6,3:28.38,java -javaagent:/home/user/glowroot/glowroot.jar -jar ./pdfbox-app-2.0.21.jar PDFToImage -password 123 -imageType png -outputPrefix workloadAsImage -time ./workload/000817-locked.pdf
2638689,user,20,0,8590352,586224,40524,S,12.9,3.6,3:31.48,java -javaagent:/home/user/glowroot/glowroot.jar -jar ./pdfbox-app-2.0.21.jar PDFToImage -password 123 -imageType png -outputPrefix workloadAsImage -time ./workload/000817-locked.pdf
2638689,user,20,0,8590352,586224,40524,S,13,3.6,3:34.62,java -javaagent:/home/user/glowroot/glowroot.jar -jar ./pdfbox-app-2.0.21.jar PDFToImage -password 123 -imageType png -outputPrefix workloadAsImage -time ./workload/000817-locked.pdf
2638689,user,20,0,8591384,587960,40524,S,14.3,3.6,3:38.07,java -javaagent:/home/user/glowroot/glowroot.jar -jar ./pdfbox-app-2.0.21.jar PDFToImage -password 123 -imageType png -outputPrefix workloadAsImage -time ./workload/000817-locked.pdf
2638689,user,20,0,8591384,588216,40524,S,12.8,3.6,3:41.15,java -javaagent:/home/user/glowroot/glowroot.jar -jar ./pdfbox-app-2.0.21.jar PDFToImage -password 123 -imageType png -outputPrefix workloadAsImage -time ./workload/000817-locked.pdf
2638689,user,20,0,8591384,588296,40524,S,12.9,3.6,3:44.25,java -javaagent:/home/user/glowroot/glowroot.jar -jar ./pdfbox-app-2.0.21.jar PDFToImage -password 123 -imageType png -outputPrefix workloadAsImage -time ./workload/000817-locked.pdf
2638689,user,20,0,8591384,588296,40524,S,12.8,3.6,3:47.33,java -javaagent:/home/user/glowroot/glowroot.jar -jar ./pdfbox-app-2.0.21.jar PDFToImage -password 123 -imageType png -outputPrefix workloadAsImage -time ./workload/000817-locked.pdf
2638689,user,20,0,8591384,588296,40524,S,12.7,3.6,3:50.38,java -javaagent:/home/user/glowroot/glowroot.jar -jar ./pdfbox-app-2.0.21.jar PDFToImage -password 123 -imageType png -outputPrefix workloadAsImage -time ./workload/000817-locked.pdf
2638689,user,20,0,8591384,597944,40524,S,13.2,3.7,3:53.57,java -javaagent:/home/user/glowroot/glowroot.jar -jar ./pdfbox-app-2.0.21.jar PDFToImage -password 123 -imageType png -outputPrefix workloadAsImage -time ./workload/000817-locked.pdf
2638689,user,20,0,8591384,597944,40524,S,13.1,3.7,3:56.72,java -javaagent:/home/user/glowroot/glowroot.jar -jar ./pdfbox-app-2.0.21.jar PDFToImage -password 123 -imageType png -outputPrefix workloadAsImage -time ./workload/000817-locked.pdf
2638689,user,20,0,8591384,598028,40524,S,12.9,3.7,3:59.83,java -javaagent:/home/user/glowroot/glowroot.jar -jar ./pdfbox-app-2.0.21.jar PDFToImage -password 123 -imageType png -outputPrefix workloadAsImage -time ./workload/000817-locked.pdf
2638790,user,20,0,6843560,91312,20908,S,6,0.6,0:01.45,java -javaagent:/home/user/glowroot/glowroot.jar -jar ./pdfbox-app-2.0.21.jar TextToPDF -standardFont Helvetica-BoldOblique -fontSize 18 ./workload/000817-from-txt.pdf ./workload/000817-from-pdf.txt
2638790,user,20,0,8397124,386692,30000,S,57.5,2.4,0:15.35,java -javaagent:/home/user/glowroot/glowroot.jar -jar ./pdfbox-app-2.0.21.jar TextToPDF -standardFont Helvetica-BoldOblique -fontSize 18 ./workload/000817-from-txt.pdf ./workload/000817-from-pdf.txt
2638844,user,20,0,6843560,86404,20552,S,5.8,0.5,0:01.40,java -javaagent:/home/user/glowroot/glowroot.jar -jar ./pdfbox-app-2.0.21.jar PDFSplit -password 123 -split 1 ./workload/000817-locked.pdf
2638844,user,20,0,8413240,380072,33588,S,58.2,2.3,0:15.45,java -javaagent:/home/user/glowroot/glowroot.jar -jar ./pdfbox-app-2.0.21.jar PDFSplit -password 123 -split 1 ./workload/000817-locked.pdf
2638896,user,20,0,7446780,184300,21632,S,18.1,1.1,0:04.38,java -javaagent:/home/user/glowroot/glowroot.jar -jar ./pdfbox-app-2.0.21.jar PDFMerger ./workload/000817-locked-1.pdf ./workload/000817-locked-2.pdf ./workload/000817-merged.pdf
2638946,user,20,0,7314676,182148,21252,S,14.5,1.1,0:03.51,java -javaagent:/home/user/glowroot/glowroot.jar -jar ./pdfbox-app-2.0.21.jar WriteDecodedDoc -password 123 ./workload/000817-locked.pdf ./workload/000817-decoded.pdf
2638995,user,20,0,6843560,77472,20784,S,4.7,0.5,0:01.14,java -javaagent:/home/user/glowroot/glowroot.jar -jar ./pdfbox-app-2.0.21.jar OverlayPDF ./workload/000817.pdf ./workload/000142.pdf -position foreground ./workload/000817-overlaid.pdf
,,,,,,,,21.4518151815181,3.3897689768977,,
