2986976	user	20	0	7311584	158340	21212	S	13.3	1	0:03.24	java	-javaagent:/home/user/glowroot/glowroot.jar	-jar	./pdfbox-app-2.0.21.jar	Encrypt	-O	123	-U	123	./workload/000752.pdf	./workload/000752-locked.pdf		
2987028	user	20	0	6766424	49028	20436	S	1.8	0.3	0:00.43	java	-javaagent:/home/user/glowroot/glowroot.jar	-jar	./pdfbox-app-2.0.21.jar	Decrypt	-password	123	./workload/000752-locked.pdf	./workload/000752-unlocked.pdf				
2987028	user	20	0	8344624	271868	33052	S	53.7	1.7	0:13.35	java	-javaagent:/home/user/glowroot/glowroot.jar	-jar	./pdfbox-app-2.0.21.jar	Decrypt	-password	123	./workload/000752-locked.pdf	./workload/000752-unlocked.pdf				
2987077	user	20	0	7781648	192372	26028	S	34.7	1.2	0:06.63	java	-javaagent:/home/user/glowroot/glowroot.jar	-jar	./pdfbox-app-2.0.21.jar	ExtractText	-password	123	-sort	./workload/000752-locked.pdf	./workload/000752-from-pdf.txt			
2987077	user	20	0	7781648	194868	26332	S	52.5	1.2	0:06.84	java	-javaagent:/home/user/glowroot/glowroot.jar	-jar	./pdfbox-app-2.0.21.jar	ExtractText	-password	123	-sort	./workload/000752-locked.pdf	./workload/000752-from-pdf.txt			
2987127	user	20	0	6841228	64036	20632	S	2.9	0.4	0:00.69	java	-javaagent:/home/user/glowroot/glowroot.jar	-jar	./pdfbox-app-2.0.21.jar	ExtractImages	-password	123	-directJPEG	./workload/000752-locked.pdf				
2987127	user	20	0	8882328	361436	33104	S	55.1	2.2	0:14.01	java	-javaagent:/home/user/glowroot/glowroot.jar	-jar	./pdfbox-app-2.0.21.jar	ExtractImages	-password	123	-directJPEG	./workload/000752-locked.pdf				
2987178	user	20	0	8215260	330956	32232	S	47	2	0:11.32	java	-javaagent:/home/user/glowroot/glowroot.jar	-jar	./pdfbox-app-2.0.21.jar	PDFToImage	-password	123	-imageType	png	-outputPrefix	workloadAsImage	-time	./workload/000752-locked.pdf
2987178	user	20	0	9187616	530508	41888	S	45	3.3	0:22.22	java	-javaagent:/home/user/glowroot/glowroot.jar	-jar	./pdfbox-app-2.0.21.jar	PDFToImage	-password	123	-imageType	png	-outputPrefix	workloadAsImage	-time	./workload/000752-locked.pdf
2987238	user	20	0	8393028	344576	28704	S	49.2	2.1	0:11.88	java	-javaagent:/home/user/glowroot/glowroot.jar	-jar	./pdfbox-app-2.0.21.jar	TextToPDF	-standardFont	Helvetica-BoldOblique	-fontSize	18	./workload/000752-from-txt.pdf	./workload/000752-from-pdf.txt		
2987289	user	20	0	8260924	284044	28052	S	38.1	1.7	0:09.20	java	-javaagent:/home/user/glowroot/glowroot.jar	-jar	./pdfbox-app-2.0.21.jar	PDFSplit	-password	123	-split	1	./workload/000752-locked.pdf			
2987339	user	20	0	7781648	191612	25232	S	26	1.2	0:06.27	java	-javaagent:/home/user/glowroot/glowroot.jar	-jar	./pdfbox-app-2.0.21.jar	PDFMerger	./workload/000752-locked-1.pdf	./workload/000752-locked-2.pdf	./workload/000752-merged.pdf					
2987389	user	20	0	7313644	169232	21416	S	18.5	1	0:04.47	java	-javaagent:/home/user/glowroot/glowroot.jar	-jar	./pdfbox-app-2.0.21.jar	WriteDecodedDoc	-password	123	./workload/000752-locked.pdf	./workload/000752-decoded.pdf				
2987441	user	20	0	7246048	98676	21148	S	7	0.6	0:01.68	java	-javaagent:/home/user/glowroot/glowroot.jar	-jar	./pdfbox-app-2.0.21.jar	OverlayPDF	./workload/000752.pdf	./workload/000142.pdf	-position	foreground	./workload/000752-overlaid.pdf			
2987491	user	20	0	6841228	71184	20560	S	4.2	0.4	0:01.00	java	-javaagent:/home/user/glowroot/glowroot.jar	-jar	./pdfbox-app-2.0.21.jar	Encrypt	-O	123	-U	123	./workload/000753.pdf	./workload/000753-locked.pdf		
2987541	user	20	0	6626128	30504	18640	S	0.4	0.2	0:00.10	java	-javaagent:/home/user/glowroot/glowroot.jar	-jar	./pdfbox-app-2.0.21.jar	Decrypt	-password	123	./workload/000753-locked.pdf	./workload/000753-unlocked.pdf				
2987541	user	20	0	8810580	327768	33236	S	50.9	2	0:12.40	java	-javaagent:/home/user/glowroot/glowroot.jar	-jar	./pdfbox-app-2.0.21.jar	Decrypt	-password	123	./workload/000753-locked.pdf	./workload/000753-unlocked.pdf				
2987592	user	20	0	8340248	311644	31068	S	47.4	1.9	0:11.49	java	-javaagent:/home/user/glowroot/glowroot.jar	-jar	./pdfbox-app-2.0.21.jar	ExtractText	-password	123	-sort	./workload/000753-locked.pdf	./workload/000753-from-pdf.txt			
2987644	user	20	0	8185128	244104	27864	S	34.1	1.5	0:08.23	java	-javaagent:/home/user/glowroot/glowroot.jar	-jar	./pdfbox-app-2.0.21.jar	ExtractImages	-password	123	-directJPEG	./workload/000753-locked.pdf				
2987699	user	20	0	7313644	180336	21580	S	20.8	1.1	0:05.04	java	-javaagent:/home/user/glowroot/glowroot.jar	-jar	./pdfbox-app-2.0.21.jar	PDFToImage	-password	123	-imageType	png	-outputPrefix	workloadAsImage	-time	./workload/000753-locked.pdf
2987699	user	20	0	8650768	403060	40896	S	54.8	2.5	0:18.27	java	-javaagent:/home/user/glowroot/glowroot.jar	-jar	./pdfbox-app-2.0.21.jar	PDFToImage	-password	123	-imageType	png	-outputPrefix	workloadAsImage	-time	./workload/000753-locked.pdf
2987761	user	20	0	7990824	220044	27112	S	29.9	1.4	0:07.23	java	-javaagent:/home/user/glowroot/glowroot.jar	-jar	./pdfbox-app-2.0.21.jar	TextToPDF	-standardFont	Helvetica-BoldOblique	-fontSize	18	./workload/000753-from-txt.pdf	./workload/000753-from-pdf.txt		
2987810	user	20	0	7380212	172860	21512	S	19	1.1	0:04.58	java	-javaagent:/home/user/glowroot/glowroot.jar	-jar	./pdfbox-app-2.0.21.jar	PDFSplit	-password	123	-split	1	./workload/000753-locked.pdf			
2987861	user	20	0	7311596	173172	21312	S	15.8	1.1	0:03.81	java	-javaagent:/home/user/glowroot/glowroot.jar	-jar	./pdfbox-app-2.0.21.jar	PDFMerger	./workload/000753-locked-1.pdf	./workload/000753-locked-2.pdf	./workload/000753-locked-3.pdf	./workload/000753-merged.pdf				
2987861	user	20	0	8808244	297052	31224	S	39.4	1.8	0:13.37	java	-javaagent:/home/user/glowroot/glowroot.jar	-jar	./pdfbox-app-2.0.21.jar	PDFMerger	./workload/000753-locked-1.pdf	./workload/000753-locked-2.pdf	./workload/000753-locked-3.pdf	./workload/000753-merged.pdf				
2987918	user	20	0	7313644	180276	21512	S	27.9	1.1	0:06.75	java	-javaagent:/home/user/glowroot/glowroot.jar	-jar	./pdfbox-app-2.0.21.jar	WriteDecodedDoc	-password	123	./workload/000753-locked.pdf	./workload/000753-decoded.pdf				
2987970	user	20	0	7245016	121916	21436	S	10	0.7	0:02.42	java	-javaagent:/home/user/glowroot/glowroot.jar	-jar	./pdfbox-app-2.0.21.jar	OverlayPDF	./workload/000753.pdf	./workload/000142.pdf	-position	foreground	./workload/000753-overlaid.pdf			
2988020	user	20	0	6693500	34396	19216	S	0.5	0.2	0:00.13	java	-javaagent:/home/user/glowroot/glowroot.jar	-jar	./pdfbox-app-2.0.21.jar	Encrypt	-O	123	-U	123	./workload/000809.pdf	./workload/000809-locked.pdf		
2988020	user	20	0	8402188	315076	29956	S	48.1	1.9	0:11.76	java	-javaagent:/home/user/glowroot/glowroot.jar	-jar	./pdfbox-app-2.0.21.jar	Encrypt	-O	123	-U	123	./workload/000809.pdf	./workload/000809-locked.pdf		
2988072	user	20	0	8125608	224408	27304	S	32.8	1.4	0:07.93	java	-javaagent:/home/user/glowroot/glowroot.jar	-jar	./pdfbox-app-2.0.21.jar	Decrypt	-password	123	./workload/000809-locked.pdf	./workload/000809-unlocked.pdf				
2988121	user	20	0	8057400	235924	27136	S	30.6	1.4	0:07.37	java	-javaagent:/home/user/glowroot/glowroot.jar	-jar	./pdfbox-app-2.0.21.jar	ExtractText	-password	123	-sort	./workload/000809-locked.pdf	./workload/000809-from-pdf.txt			
2988171	user	20	0	7313644	181928	21304	S	19.7	1.1	0:04.76	java	-javaagent:/home/user/glowroot/glowroot.jar	-jar	./pdfbox-app-2.0.21.jar	ExtractImages	-password	123	-directJPEG	./workload/000809-locked.pdf				
2988221	user	20	0	7311584	106112	21236	S	7.5	0.7	0:01.81	java	-javaagent:/home/user/glowroot/glowroot.jar	-jar	./pdfbox-app-2.0.21.jar	PDFToImage	-password	123	-imageType	png	-outputPrefix	workloadAsImage	-time	./workload/000809-locked.pdf
2988221	user	20	0	9241368	330628	37816	S	48.2	2	0:13.45	java	-javaagent:/home/user/glowroot/glowroot.jar	-jar	./pdfbox-app-2.0.21.jar	PDFToImage	-password	123	-imageType	png	-outputPrefix	workloadAsImage	-time	./workload/000809-locked.pdf
2988282	user	20	0	8251692	239908	27680	S	39.5	1.5	0:09.52	java	-javaagent:/home/user/glowroot/glowroot.jar	-jar	./pdfbox-app-2.0.21.jar	TextToPDF	-standardFont	Helvetica-BoldOblique	-fontSize	18	./workload/000809-from-txt.pdf	./workload/000809-from-pdf.txt		
2988336	user	20	0	7781648	193956	26236	S	27.4	1.2	0:06.63	java	-javaagent:/home/user/glowroot/glowroot.jar	-jar	./pdfbox-app-2.0.21.jar	PDFSplit	-password	123	-split	1	./workload/000809-locked.pdf			
2988385	user	20	0	7380212	169540	21276	S	17.8	1	0:04.30	java	-javaagent:/home/user/glowroot/glowroot.jar	-jar	./pdfbox-app-2.0.21.jar	PDFMerger	./workload/000809-locked-*.pdf	./workload/000809-merged.pdf						
2988433	user	20	0	7246048	98256	21224	S	6.3	0.6	0:01.52	java	-javaagent:/home/user/glowroot/glowroot.jar	-jar	./pdfbox-app-2.0.21.jar	WriteDecodedDoc	-password	123	./workload/000809-locked.pdf	./workload/000809-decoded.pdf				
2988483	user	20	0	6692692	32248	18548	S	0.8	0.2	0:00.19	java	-javaagent:/home/user/glowroot/glowroot.jar	-jar	./pdfbox-app-2.0.21.jar	OverlayPDF	./workload/000809.pdf	./workload/000142.pdf	-position	foreground	./workload/000809-overlaid.pdf			
2988483	user	20	0	8335624	268084	29580	S	44.2	1.6	0:10.88	java	-javaagent:/home/user/glowroot/glowroot.jar	-jar	./pdfbox-app-2.0.21.jar	OverlayPDF	./workload/000809.pdf	./workload/000142.pdf	-position	foreground	./workload/000809-overlaid.pdf			
2988534	user	20	0	8191128	256136	27376	S	35.5	1.6	0:08.58	java	-javaagent:/home/user/glowroot/glowroot.jar	-jar	./pdfbox-app-2.0.21.jar	Encrypt	-O	123	-U	123	./workload/000810.pdf	./workload/000810-locked.pdf		
2988586	user	20	0	7313644	179120	21564	S	21.9	1.1	0:05.28	java	-javaagent:/home/user/glowroot/glowroot.jar	-jar	./pdfbox-app-2.0.21.jar	Decrypt	-password	123	./workload/000810-locked.pdf	./workload/000810-unlocked.pdf				
2988637	user	20	0	7246048	98272	21108	S	6.8	0.6	0:01.65	java	-javaagent:/home/user/glowroot/glowroot.jar	-jar	./pdfbox-app-2.0.21.jar	ExtractText	-password	123	-sort	./workload/000810-locked.pdf	./workload/000810-from-pdf.txt			
2988637	user	20	0	8553916	400544	33408	S	52.5	2.5	0:14.30	java	-javaagent:/home/user/glowroot/glowroot.jar	-jar	./pdfbox-app-2.0.21.jar	ExtractText	-password	123	-sort	./workload/000810-locked.pdf	./workload/000810-from-pdf.txt			
2988689	user	20	0	8185128	230044	27340	S	35.4	1.4	0:08.58	java	-javaagent:/home/user/glowroot/glowroot.jar	-jar	./pdfbox-app-2.0.21.jar	ExtractImages	-password	123	-directJPEG	./workload/000810-locked.pdf				
2988740	user	20	0	7380212	170260	21296	S	17.6	1	0:04.24	java	-javaagent:/home/user/glowroot/glowroot.jar	-jar	./pdfbox-app-2.0.21.jar	PDFToImage	-password	123	-imageType	png	-outputPrefix	workloadAsImage	-time	./workload/000810-locked.pdf
2988740	user	20	0	8717332	398292	40676	S	49.3	2.4	0:16.10	java	-javaagent:/home/user/glowroot/glowroot.jar	-jar	./pdfbox-app-2.0.21.jar	PDFToImage	-password	123	-imageType	png	-outputPrefix	workloadAsImage	-time	./workload/000810-locked.pdf
2988804	user	20	0	8125952	228928	27428	S	31.3	1.4	0:07.58	java	-javaagent:/home/user/glowroot/glowroot.jar	-jar	./pdfbox-app-2.0.21.jar	TextToPDF	-standardFont	Helvetica-BoldOblique	-fontSize	18	./workload/000810-from-txt.pdf	./workload/000810-from-pdf.txt		
2988854	user	20	0	7247076	176796	21308	S	16.4	1.1	0:03.97	java	-javaagent:/home/user/glowroot/glowroot.jar	-jar	./pdfbox-app-2.0.21.jar	PDFSplit	-password	123	-split	1	./workload/000810-locked.pdf			
2988903	user	20	0	6764376	42952	20268	S	1	0.3	0:00.25	java	-javaagent:/home/user/glowroot/glowroot.jar	-jar	./pdfbox-app-2.0.21.jar	PDFMerger	./workload/000810-locked-1.pdf	./workload/000810-merged.pdf						
2988903	user	20	0	8721732	275800	27940	S	43.8	1.7	0:10.84	java	-javaagent:/home/user/glowroot/glowroot.jar	-jar	./pdfbox-app-2.0.21.jar	PDFMerger	./workload/000810-locked-1.pdf	./workload/000810-merged.pdf						
2988950	user	20	0	8323676	279332	27880	S	40.9	1.7	0:09.92	java	-javaagent:/home/user/glowroot/glowroot.jar	-jar	./pdfbox-app-2.0.21.jar	WriteDecodedDoc	-password	123	./workload/000810-locked.pdf	./workload/000810-decoded.pdf				
2989002	user	20	0	8049952	221560	27148	S	29.8	1.4	0:07.23	java	-javaagent:/home/user/glowroot/glowroot.jar	-jar	./pdfbox-app-2.0.21.jar	OverlayPDF	./workload/000810.pdf	./workload/000142.pdf	-position	foreground	./workload/000810-overlaid.pdf			
2989053	user	20	0	7245028	156944	21308	S	15.3	1	0:03.69	java	-javaagent:/home/user/glowroot/glowroot.jar	-jar	./pdfbox-app-2.0.21.jar	Encrypt	-O	123	-U	123	./workload/000817.pdf	./workload/000817-locked.pdf		
2989104	user	20	0	6839180	58436	20588	S	2.8	0.4	0:00.68	java	-javaagent:/home/user/glowroot/glowroot.jar	-jar	./pdfbox-app-2.0.21.jar	Decrypt	-password	123	./workload/000817-locked.pdf	./workload/000817-unlocked.pdf				
2989104	user	20	0	8477756	314292	32772	S	49.6	1.9	0:12.62	java	-javaagent:/home/user/glowroot/glowroot.jar	-jar	./pdfbox-app-2.0.21.jar	Decrypt	-password	123	./workload/000817-locked.pdf	./workload/000817-unlocked.pdf				
2989154	user	20	0	8185128	237444	27444	S	35.1	1.5	0:08.47	java	-javaagent:/home/user/glowroot/glowroot.jar	-jar	./pdfbox-app-2.0.21.jar	ExtractText	-password	123	-sort	./workload/000817-locked.pdf	./workload/000817-from-pdf.txt			
2989206	user	20	0	7380212	172156	21484	S	18.4	1.1	0:04.47	java	-javaagent:/home/user/glowroot/glowroot.jar	-jar	./pdfbox-app-2.0.21.jar	ExtractImages	-password	123	-directJPEG	./workload/000817-locked.pdf				
2989259	user	20	0	6359872	24812	16248	S	0.1	0.2	0:00.03	java	-javaagent:/home/user/glowroot/glowroot.jar	-jar	./pdfbox-app-2.0.21.jar	PDFToImage	-password	123	-imageType	png	-outputPrefix	workloadAsImage	-time	./workload/000817-locked.pdf
2989259	user	20	0	8253736	260520	27732	S	44.8	1.6	0:10.85	java	-javaagent:/home/user/glowroot/glowroot.jar	-jar	./pdfbox-app-2.0.21.jar	PDFToImage	-password	123	-imageType	png	-outputPrefix	workloadAsImage	-time	./workload/000817-locked.pdf
2989319	user	20	0	6763512	37928	19192	S	0.8	0.2	0:00.19	java	-javaagent:/home/user/glowroot/glowroot.jar	-jar	./pdfbox-app-2.0.21.jar	TextToPDF	-standardFont	Helvetica-BoldOblique	-fontSize	18	./workload/000817-from-txt.pdf	./workload/000817-from-pdf.txt		
2989319	user	20	0	8325624	283400	28044	S	47.9	1.7	0:11.72	java	-javaagent:/home/user/glowroot/glowroot.jar	-jar	./pdfbox-app-2.0.21.jar	TextToPDF	-standardFont	Helvetica-BoldOblique	-fontSize	18	./workload/000817-from-txt.pdf	./workload/000817-from-pdf.txt		
2989372	user	20	0	8118560	232524	27180	S	33.4	1.4	0:08.09	java	-javaagent:/home/user/glowroot/glowroot.jar	-jar	./pdfbox-app-2.0.21.jar	PDFSplit	-password	123	-split	1	./workload/000817-locked.pdf			
2989421	user	20	0	7380212	167664	21508	S	17.6	1	0:04.26	java	-javaagent:/home/user/glowroot/glowroot.jar	-jar	./pdfbox-app-2.0.21.jar	PDFMerger	./workload/000817-locked-1.pdf	./workload/000817-locked-2.pdf	./workload/000817-merged.pdf					
2989471	user	20	0	7245716	115312	21296	S	8.6	0.7	0:02.07	java	-javaagent:/home/user/glowroot/glowroot.jar	-jar	./pdfbox-app-2.0.21.jar	WriteDecodedDoc	-password	123	./workload/000817-locked.pdf	./workload/000817-decoded.pdf				
2989471	user	20	0	8817780	382828	32452	S	49	2.4	0:13.94	java	-javaagent:/home/user/glowroot/glowroot.jar	-jar	./pdfbox-app-2.0.21.jar	WriteDecodedDoc	-password	123	./workload/000817-locked.pdf	./workload/000817-decoded.pdf				
2989520	user	20	0	8320304	242168	27900	S	38.2	1.5	0:09.25	java	-javaagent:/home/user/glowroot/glowroot.jar	-jar	./pdfbox-app-2.0.21.jar	OverlayPDF	./workload/000817.pdf	./workload/000142.pdf	-position	foreground	./workload/000817-overlaid.pdf			
								27.8597014925373	1.28805970149254														
